町丁目,佐々距離_km,1位病院距離_km,距離差_abs_km,町丁目内_全患者数,佐々患者数,佐々構成比_pct,佐々順位,1位施設,1位施設_短縮,1位患者数,1位構成比_pct,1位との差_pctpt,1位との差_患者数
東久留米市前沢一丁目,2.69113233600171,2.6981545022807927,0.0070221662790825,693.0,99.0,14.285714285714285,2,地方独立行政法人　東京都立病院機構　東京都立多摩北部医療センター,東京都立多摩北部医療センター,349.0,50.36075036075036,36.075036075036074,250.0
練馬区南大泉四丁目,3.715545092748152,3.695197216547728,0.0203478762004243,4605.0,573.0,12.44299674267101,2,学校法人　順天堂　順天堂大学医学部附属練馬病院,順天堂大学医学部附属練馬病院,3417.0,74.20195439739413,61.75895765472312,2844.0
東久留米市東本町,3.678327923135292,3.738114075308448,0.0597861521731561,1472.0,100.0,6.7934782608695645,5,地方独立行政法人　東京都立病院機構　東京都立多摩北部医療センター,東京都立多摩北部医療センター,513.0,34.85054347826087,28.057065217391305,413.0
東久留米市中央町三丁目,2.796502734494466,2.877609201324683,0.0811064668302168,1369.0,55.0,4.017531044558072,5,地方独立行政法人　東京都立病院機構　東京都立多摩北部医療センター,東京都立多摩北部医療センター,612.0,44.70416362308254,40.686632578524474,557.0
東久留米市前沢五丁目,2.8206981871539103,2.725383434725195,0.0953147524287154,1772.0,180.0,10.15801354401806,4,地方独立行政法人　東京都立病院機構　東京都立多摩北部医療センター,東京都立多摩北部医療センター,727.0,41.027088036117384,30.869074492099323,547.0
武蔵野市八幡町三丁目,1.8866482267152505,1.7845527663006235,0.1020954604146269,394.0,73.0,18.527918781725887,2,医療法人　徳洲会　武蔵野徳洲会病院,徳洲会武蔵野徳洲会病院,106.0,26.903553299492383,8.375634517766496,33.0
武蔵野市緑町二丁目,2.6051644467127533,2.721491194979104,0.1163267482663505,1357.0,167.0,12.306558585114225,3,医療法人　徳洲会　武蔵野徳洲会病院,徳洲会武蔵野徳洲会病院,733.0,54.01621223286662,41.7096536477524,566.0
練馬区関町北一丁目,3.6676874851317858,3.7884218172314794,0.1207343320996936,1581.0,168.0,10.62618595825427,4,学校法人　順天堂　順天堂大学医学部附属練馬病院,順天堂大学医学部附属練馬病院,665.0,42.06198608475648,31.435800126502215,497.0
練馬区石神井台七丁目,3.6723094893419432,3.4428305922932187,0.2294788970487244,1180.0,67.0,5.677966101694915,4,学校法人　順天堂　順天堂大学医学部附属練馬病院,順天堂大学医学部附属練馬病院,880.0,74.57627118644068,68.89830508474576,813.0
小平市花小金井四丁目,2.772601173057286,3.0829998330980715,0.3103986600407853,1436.0,275.0,19.15041782729805,3,医療法人　徳洲会　武蔵野徳洲会病院,徳洲会武蔵野徳洲会病院,354.0,24.651810584958216,5.501392757660167,79.0
小金井市緑町一丁目,3.4433918143463393,3.1025750070613443,0.3408168072849951,476.0,50.0,10.504201680672267,5,医療法人社団　永寿会　三鷹中央病院,永寿会三鷹中央病院,180.0,37.81512605042017,27.3109243697479,130.0
武蔵野市西久保二丁目,2.866610066655511,2.4442257453873255,0.4223843212681855,442.0,51.0,11.538461538461538,3,医療法人　徳洲会　武蔵野徳洲会病院,徳洲会武蔵野徳洲会病院,220.0,49.7737556561086,38.23529411764706,169.0
小平市大沼町六丁目,3.4800264971930943,3.036193113905069,0.4438333832880254,338.0,41.0,12.1301775147929,2,緑風荘病院,緑風荘病院,297.0,87.86982248520711,75.7396449704142,256.0
西東京市東伏見四丁目,2.3159792454817687,2.7685883243375966,0.4526090788558279,893.0,69.0,7.726763717805152,2,医療法人　徳洲会　武蔵野徳洲会病院,徳洲会武蔵野徳洲会病院,824.0,92.27323628219484,84.54647256438969,755.0
東久留米市中央町五丁目,2.986835374305832,2.5059561988162016,0.4808791754896302,1080.0,143.0,13.240740740740742,4,公益財団法人　結核予防会　複十字病院,複十字病院,335.0,31.01851851851852,17.77777777777778,192.0
練馬区石神井台八丁目,3.760209189947675,3.26501680267356,0.4951923872741148,1330.0,141.0,10.601503759398495,2,学校法人　順天堂　順天堂大学医学部附属練馬病院,順天堂大学医学部附属練馬病院,1108.0,83.30827067669173,72.70676691729324,967.0
武蔵野市吉祥寺北町四丁目,3.109924671821396,3.6750386429855224,0.5651139711641262,613.0,59.0,9.624796084828713,5,医療法人財団　荻窪病院,荻窪病院,228.0,37.19412724306688,27.56933115823817,169.0
武蔵野市関前四丁目,1.899607878635885,1.289683996670368,0.6099238819655171,496.0,63.0,12.701612903225806,3,医療法人　徳洲会　武蔵野徳洲会病院,徳洲会武蔵野徳洲会病院,317.0,63.91129032258065,51.20967741935484,254.0
西東京市新町二丁目,1.6380110788592728,0.906915222926282,0.7310958559329908,684.0,96.0,14.035087719298245,3,医療法人　徳洲会　武蔵野徳洲会病院,徳洲会武蔵野徳洲会病院,465.0,67.98245614035088,53.94736842105263,369.0
東久留米市南沢五丁目,1.9976452056235785,1.2639712747453922,0.7336739308781863,1521.0,241.0,15.844838921762,3,医療法人財団　緑秀会　田無病院,緑秀会田無病院,702.0,46.15384615384615,30.309007232084156,461.0
練馬区東大泉七丁目,3.973812117835118,3.227379358152903,0.7464327596822149,3038.0,252.0,8.294930875576037,2,学校法人　順天堂　順天堂大学医学部附属練馬病院,順天堂大学医学部附属練馬病院,2430.0,79.98683344305464,71.69190256747859,2178.0
練馬区関町北五丁目,3.1307480586915832,3.911009136122404,0.7802610774308207,2877.0,346.0,12.02641640597845,2,学校法人　順天堂　順天堂大学医学部附属練馬病院,順天堂大学医学部附属練馬病院,1764.0,61.31386861313869,49.28745220716024,1418.0
練馬区南大泉三丁目,3.231005810000234,4.024413741802292,0.7934079318020575,2607.0,498.0,19.102416570771,2,学校法人　順天堂　順天堂大学医学部附属練馬病院,順天堂大学医学部附属練馬病院,1705.0,65.40084388185655,46.29842731108555,1207.0
西東京市泉町四丁目,1.959918837852977,1.1511835567812283,0.8087352810717485,861.0,57.0,6.620209059233449,4,医療法人財団　緑秀会　田無病院,緑秀会田無病院,465.0,54.00696864111498,47.386759581881535,408.0
東久留米市滝山三丁目,3.210747656387066,2.349733110338883,0.8610145460481831,261.0,44.0,16.85823754789272,3,地方独立行政法人　東京都立病院機構　東京都立多摩北部医療センター,東京都立多摩北部医療センター,172.0,65.90038314176245,49.042145593869726,128.0
西東京市向台町三丁目,1.2423356664794876,0.3763719436683761,0.8659637228111114,13831.0,1397.0,10.100498879329043,2,医療法人　徳洲会　武蔵野徳洲会病院,徳洲会武蔵野徳洲会病院,12262.0,88.6559178656641,78.55541898633506,10865.0
西東京市向台町六丁目,1.595510608277198,0.7206843398950207,0.8748262683821773,3576.0,665.0,18.59619686800895,2,医療法人　徳洲会　武蔵野徳洲会病院,徳洲会武蔵野徳洲会病院,2645.0,73.96532438478746,55.36912751677852,1980.0
西東京市向台町五丁目,1.3149207538912155,0.435083621564633,0.8798371323265826,2327.0,307.0,13.192952299097552,2,医療法人　徳洲会　武蔵野徳洲会病院,徳洲会武蔵野徳洲会病院,2020.0,86.80704770090244,73.61409540180489,1713.0
西東京市向台町四丁目,1.1805217003045363,0.3003296666996947,0.8801920336048416,16974.0,886.0,5.21974784965241,2,医療法人　徳洲会　武蔵野徳洲会病院,徳洲会武蔵野徳洲会病院,14935.0,87.9875103098857,82.7677624602333,14049.0
西東京市下保谷三丁目,3.596886116459455,4.570313088450031,0.973426971990576,1073.0,127.0,11.835973904939422,2,学校法人　順天堂　順天堂大学医学部附属練馬病院,順天堂大学医学部附属練馬病院,672.0,62.62814538676608,50.79217148182666,545.0
西東京市下保谷一丁目,2.8279186253685022,1.847588319907949,0.9803303054605532,288.0,54.0,18.75,3,医療法人財団　緑秀会　田無病院,緑秀会田無病院,132.0,45.83333333333333,27.08333333333333,78.0
西東京市新町三丁目,1.6115410472295544,0.6175504408066933,0.9939906064228612,2929.0,251.0,8.569477637418913,2,医療法人　徳洲会　武蔵野徳洲会病院,徳洲会武蔵野徳洲会病院,2584.0,88.22123591669512,79.65175827927621,2333.0
西東京市谷戸町一丁目,1.4018403925256226,0.3914860743614218,1.0103543181642007,8651.0,1517.0,17.535545023696685,2,医療法人財団　緑秀会　田無病院,緑秀会田無病院,5107.0,59.033637729742225,41.49809270604554,3590.0
西東京市北町四丁目,3.9502302282243287,4.98873008823808,1.0384998600137516,987.0,135.0,13.677811550151976,4,学校法人　順天堂　順天堂大学医学部附属練馬病院,順天堂大学医学部附属練馬病院,321.0,32.52279635258359,18.844984802431615,186.0
西東京市ひばりが丘三丁目,1.6503023550058342,0.5369389351297562,1.113363419876078,5872.0,1126.0,19.17574931880109,2,医療法人財団　緑秀会　田無病院,緑秀会田無病院,3189.0,54.30858310626703,35.13283378746594,2063.0
西東京市住吉町四丁目,2.3103768244768106,1.1724286993037658,1.1379481251730448,1399.0,235.0,16.79771265189421,3,医療法人財団　緑秀会　田無病院,緑秀会田無病院,545.0,38.95639742673338,22.158684774839173,310.0
東久留米市八幡町三丁目,3.278846057694146,2.1210892310989053,1.1577568265952407,1761.0,141.0,8.006814310051109,4,地方独立行政法人　東京都立病院機構　東京都立多摩北部医療センター,東京都立多摩北部医療センター,796.0,45.2015900056786,37.19477569562749,655.0
東久留米市本町三丁目,3.363778512963196,2.181757158291005,1.182021354672191,1886.0,96.0,5.090137857900318,5,公益財団法人　結核予防会　複十字病院,複十字病院,693.0,36.74443266171792,31.654294803817606,597.0
西東京市緑町三丁目,1.284770068301131,0.0907946535862832,1.1939754147148476,2977.0,373.0,12.529392005374538,2,医療法人財団　緑秀会　田無病院,緑秀会田無病院,2143.0,71.98522002015451,59.455828014779975,1770.0
東久留米市大門町一丁目,3.771871577678368,2.5285225358443086,1.2433490418340591,553.0,77.0,13.924050632911392,4,公益財団法人　結核予防会　複十字病院,複十字病院,226.0,40.86799276672694,26.94394213381555,149.0
東久留米市本町四丁目,3.051465259139575,4.331436417418712,1.279971158279137,1065.0,37.0,3.4741784037558685,7,医療法人　徳洲会　武蔵野徳洲会病院,徳洲会武蔵野徳洲会病院,362.0,33.990610328638496,30.516431924882628,325.0
東久留米市学園町二丁目,2.2226100482321756,0.9373330783391964,1.285276969892979,1598.0,196.0,12.265331664580724,4,医療法人財団　緑秀会　田無病院,緑秀会田無病院,481.0,30.100125156445557,17.834793491864833,285.0
西東京市住吉町三丁目,2.333213258131724,1.0331974253575331,1.300015832774191,1331.0,142.0,10.668670172802404,3,医療法人財団　緑秀会　田無病院,緑秀会田無病院,734.0,55.14650638617581,44.47783621337341,592.0
武蔵野市境南町一丁目,3.5571438910814104,4.862018051649824,1.3048741605684135,757.0,123.0,16.248348745046233,3,医療法人財団　緑秀会　田無病院,緑秀会田無病院,279.0,36.85601056803171,20.607661822985474,156.0
小平市御幸町,3.492556052825117,2.1731478523973697,1.3194082004277474,856.0,123.0,14.369158878504674,4,医療法人社団　武蔵野会　一橋病院,武蔵野会一橋病院,249.0,29.088785046728972,14.719626168224298,126.0
東久留米市学園町一丁目,2.6226313388033766,1.2773271281559837,1.3453042106473931,1137.0,204.0,17.941952506596305,3,医療法人財団　緑秀会　田無病院,緑秀会田無病院,515.0,45.294635004397534,27.35268249780123,311.0
西東京市ひばりが丘二丁目,1.9993041249723733,0.6466189061825,1.3526852187898737,2748.0,511.0,18.595342066957787,2,医療法人財団　緑秀会　田無病院,緑秀会田無病院,1318.0,47.962154294032025,29.36681222707424,807.0
西東京市泉町三丁目,1.837256518597849,3.201508570780643,1.364252052182794,1065.0,164.0,15.39906103286385,4,医療法人　徳洲会　武蔵野徳洲会病院,徳洲会武蔵野徳洲会病院,441.0,41.40845070422535,26.009389671361504,277.0
武蔵野市桜堤一丁目,2.320666059684192,0.9517652602276176,1.3689007994565745,2171.0,432.0,19.898664210041456,2,医療法人　徳洲会　武蔵野徳洲会病院,徳洲会武蔵野徳洲会病院,1425.0,65.63795485951175,45.73929064947029,993.0
西東京市谷戸町二丁目,1.6711104203626923,0.2968492087226765,1.3742612116400157,13890.0,2150.0,15.478761699064076,2,医療法人財団　緑秀会　田無病院,緑秀会田無病院,8307.0,59.805615550755945,44.32685385169187,6157.0
東久留米市浅間町二丁目,3.302597264530827,1.927087185432717,1.37551007909811,1256.0,57.0,4.538216560509554,3,医療法人財団　緑秀会　田無病院,緑秀会田無病院,759.0,60.42993630573248,55.89171974522293,702.0
西東京市東町四丁目,2.9484397900734693,4.331235097172893,1.382795307099424,1784.0,281.0,15.751121076233185,2,学校法人　順天堂　順天堂大学医学部附属練馬病院,順天堂大学医学部附属練馬病院,1017.0,57.006726457399104,41.25560538116592,736.0
西東京市新町五丁目,1.8149804659185296,0.4277875744182833,1.3871928915002465,4514.0,62.0,1.3735046521931769,4,医療法人　徳洲会　武蔵野徳洲会病院,徳洲会武蔵野徳洲会病院,4324.0,95.79087284005315,94.41736818786,4262.0
西東京市北町二丁目,3.3633913901130845,4.826698941704897,1.463307551591812,870.0,159.0,18.275862068965516,2,医療法人　徳洲会　武蔵野徳洲会病院,徳洲会武蔵野徳洲会病院,293.0,33.678160919540225,15.40229885057471,134.0
西東京市新町六丁目,1.829124015616844,0.3598250050147412,1.4692990106021029,3715.0,591.0,15.908479138627188,2,医療法人　徳洲会　武蔵野徳洲会病院,徳洲会武蔵野徳洲会病院,3091.0,83.20323014804846,67.29475100942128,2500.0
武蔵野市桜堤二丁目,2.2584572421018008,0.7878680622158434,1.4705891798859574,851.0,88.0,10.340775558166865,2,医療法人　徳洲会　武蔵野徳洲会病院,徳洲会武蔵野徳洲会病院,680.0,79.9059929494712,69.56521739130433,592.0
西東京市北町三丁目,3.6776959037791617,5.253207677492947,1.5755117737137851,1008.0,91.0,9.027777777777777,3,学校法人　順天堂　順天堂大学医学部附属練馬病院,順天堂大学医学部附属練馬病院,715.0,70.93253968253968,61.904761904761905,624.0
東久留米市八幡町二丁目,3.5709067922104847,1.95905443965171,1.611852352558775,1034.0,48.0,4.642166344294004,5,地方独立行政法人　東京都立病院機構　東京都立多摩北部医療センター,東京都立多摩北部医療センター,724.0,70.01934235976789,65.37717601547388,676.0
東久留米市幸町五丁目,3.955745772598904,2.294697636156802,1.6610481364421017,295.0,22.0,7.457627118644068,3,地方独立行政法人　東京都立病院機構　東京都立多摩北部医療センター,東京都立多摩北部医療センター,192.0,65.08474576271186,57.62711864406779,170.0
武蔵野市境南町四丁目,3.280494869360659,1.6132484442370387,1.6672464251236203,1031.0,162.0,15.71290009699321,3,医療法人社団　永寿会　三鷹中央病院,永寿会三鷹中央病院,409.0,39.67022308438409,23.95732298739088,247.0
小平市大沼町四丁目,3.790934347054125,2.015578588108467,1.775355758945658,704.0,128.0,18.181818181818183,2,地方独立行政法人　東京都立病院機構　東京都立多摩北部医療センター,東京都立多摩北部医療センター,355.0,50.42613636363637,32.24431818181819,227.0
小金井市東町四丁目,3.765610424624094,5.700553973503506,1.934943548879412,1092.0,72.0,6.593406593406594,5,医療法人　啓仁会　吉祥寺南病院,啓仁会吉祥寺南病院,640.0,58.60805860805861,52.01465201465202,568.0
西東京市東町一丁目,2.7149009779717654,4.681266018445825,1.96636504047406,365.0,72.0,19.726027397260275,3,学校法人　順天堂　順天堂大学医学部附属練馬病院,順天堂大学医学部附属練馬病院,113.0,30.95890410958904,11.232876712328768,41.0
東久留米市滝山六丁目,3.748515134930229,1.706143191285188,2.042371943645041,3225.0,584.0,18.108527131782942,3,地方独立行政法人　東京都立病院機構　東京都立多摩北部医療センター,東京都立多摩北部医療センター,1401.0,43.44186046511628,25.333333333333332,817.0
東久留米市八幡町一丁目,3.91278646369856,1.8363522914358543,2.0764341722627058,1907.0,200.0,10.487676979549027,4,地方独立行政法人　東京都立病院機構　東京都立多摩北部医療センター,東京都立多摩北部医療センター,1045.0,54.79811221814368,44.31043523859465,845.0
東久留米市滝山五丁目,3.8704196319605497,1.7393517695444098,2.13106786241614,871.0,126.0,14.46613088404133,2,地方独立行政法人　東京都立病院機構　東京都立多摩北部医療センター,東京都立多摩北部医療センター,605.0,69.46039035591275,54.994259471871416,479.0
西東京市中町三丁目,2.390267168623543,4.772982028617861,2.382714859994318,424.0,84.0,19.81132075471698,2,学校法人　順天堂　順天堂大学医学部附属練馬病院,順天堂大学医学部附属練馬病院,271.0,63.91509433962265,44.10377358490567,187.0
東久留米市下里二丁目,3.9913181044144377,1.392739817691124,2.598578286723314,1272.0,180.0,14.150943396226417,3,地方独立行政法人　東京都立病院機構　東京都立多摩北部医療センター,東京都立多摩北部医療センター,676.0,53.14465408805032,38.9937106918239,496.0
西東京市泉町六丁目,2.419044466695619,5.16968132774678,2.7506368610511607,1902.0,338.0,17.770767613038906,2,学校法人　順天堂　順天堂大学医学部附属練馬病院,順天堂大学医学部附属練馬病院,1203.0,63.24921135646687,45.47844374342797,865.0
三鷹市下連雀三丁目,3.95742946882659,1.0806313444671358,2.8767981243594543,848.0,84.0,9.90566037735849,3,医療法人社団　永寿会　三鷹中央病院,永寿会三鷹中央病院,506.0,59.66981132075472,49.76415094339623,422.0
小金井市桜町二丁目,3.693457619814905,6.602920514648757,2.9094628948338515,476.0,64.0,13.445378151260504,4,独立行政法人　国立病院機構　東京病院,東京病院,271.0,56.9327731092437,43.48739495798319,207.0
西東京市栄町二丁目,2.7420172338368296,5.664530199628294,2.922512965791465,948.0,136.0,14.345991561181432,2,学校法人　順天堂　順天堂大学医学部附属練馬病院,順天堂大学医学部附属練馬病院,476.0,50.210970464135016,35.86497890295358,340.0
東久留米市大門町二丁目,3.813586746125416,7.092382438468946,3.27879569234353,1460.0,127.0,8.698630136986301,3,学校法人　順天堂　順天堂大学医学部附属練馬病院,順天堂大学医学部附属練馬病院,600.0,41.0958904109589,32.3972602739726,473.0
三鷹市上連雀五丁目,3.8530786784977273,0.2647296013279081,3.588349077169819,3327.0,42.0,1.2623985572587917,3,医療法人社団　永寿会　三鷹中央病院,永寿会三鷹中央病院,3238.0,97.3249173429516,96.06251878569282,3196.0
東久留米市新川町一丁目,3.3875676815048137,7.282786270193243,3.895218588688429,1133.0,45.0,3.971756398940865,4,学校法人　順天堂　順天堂大学医学部附属練馬病院,順天堂大学医学部附属練馬病院,915.0,80.75904677846425,76.78729037952338,870.0
東久留米市本町一丁目,3.2876289876379334,7.576442365962606,4.288813378324672,1414.0,100.0,7.072135785007072,5,学校法人　順天堂　順天堂大学医学部附属練馬病院,順天堂大学医学部附属練馬病院,716.0,50.636492220650645,43.564356435643575,616.0
小金井市緑町五丁目,3.699096197653106,8.565486417632155,4.866390219979049,1125.0,70.0,6.222222222222222,6,医療法人財団　荻窪病院,荻窪病院,429.0,38.13333333333333,31.91111111111111,359.0
東久留米市中央町一丁目,3.177216617127441,8.168466971874823,4.991250354747382,1180.0,81.0,6.864406779661017,6,学校法人　順天堂　順天堂大学医学部附属練馬病院,順天堂大学医学部附属練馬病院,355.0,30.08474576271186,23.220338983050844,274.0
東久留米市南沢三丁目,2.6306440775454787,7.945031339492528,5.31438726194705,769.0,122.0,15.864759427828348,3,学校法人　順天堂　順天堂大学医学部附属練馬病院,順天堂大学医学部附属練馬病院,159.0,20.676202860858258,4.811443433029909,37.0
東久留米市幸町四丁目,3.658340547319601,9.003951948079823,5.345611400760222,614.0,67.0,10.912052117263844,2,学校法人　順天堂　順天堂大学医学部附属練馬病院,順天堂大学医学部附属練馬病院,547.0,89.08794788273615,78.1758957654723,480.0
