KEY_CODE,CITY_NAME,S_NAME,town,dist_km,佐々総合病院_患者数,町丁目内_全医療機関患者数,佐々総合病院_獲得患者割合,佐々総合病院_獲得患者割合_pct,町丁目
13211022002,小平市,大沼町二丁目,小平市大沼町二丁目,4.135400401212092,203.0,203.0,1.0,100.0,小平市大沼町二丁目
13222023002,東久留米市,弥生二丁目,東久留米市弥生二丁目,3.0852579570080754,91.0,91.0,1.0,100.0,東久留米市弥生二丁目
13222017002,東久留米市,南町二丁目,東久留米市南町二丁目,1.6456334417794152,131.0,131.0,1.0,100.0,東久留米市南町二丁目
13222001002,東久留米市,上の原二丁目,東久留米市上の原二丁目,4.710998613933711,17.0,17.0,1.0,100.0,東久留米市上の原二丁目
13229015007,西東京市,田無町七丁目,西東京市田無町七丁目,0.6115917799330092,6373.0,6861.0,0.9288733420784142,92.88733420784142,西東京市田無町七丁目
13229015005,西東京市,田無町五丁目,西東京市田無町五丁目,0.1574604340329387,5845.0,6314.0,0.925720620842572,92.5720620842572,西東京市田無町五丁目
13229017002,西東京市,西原町二丁目,西東京市西原町二丁目,0.6467945559312642,1219.0,1332.0,0.9151651651651652,91.51651651651652,西東京市西原町二丁目
13229018001,西東京市,緑町一丁目,西東京市緑町一丁目,0.8078795531333994,1718.0,1896.0,0.9061181434599156,90.61181434599156,西東京市緑町一丁目
13229023004,西東京市,芝久保町四丁目,西東京市芝久保町四丁目,1.4433820763200336,5550.0,6280.0,0.8837579617834395,88.37579617834395,西東京市芝久保町四丁目
13229005005,西東京市,富士町五丁目,西東京市富士町五丁目,2.006264020933872,275.0,316.0,0.870253164556962,87.0253164556962,西東京市富士町五丁目
13229023005,西東京市,芝久保町五丁目,西東京市芝久保町五丁目,1.2101757131229864,3056.0,3517.0,0.8689223770258743,86.89223770258742,西東京市芝久保町五丁目
13229017005,西東京市,西原町五丁目,西東京市西原町五丁目,1.1514374870200412,754.0,872.0,0.8646788990825688,86.46788990825688,西東京市西原町五丁目
13229017003,西東京市,西原町三丁目,西東京市西原町三丁目,0.9308889311466192,2097.0,2529.0,0.8291814946619217,82.91814946619218,西東京市西原町三丁目
13229008005,西東京市,泉町五丁目,西東京市泉町五丁目,2.21409329087325,770.0,937.0,0.8217716115261473,82.17716115261473,西東京市泉町五丁目
13229023003,西東京市,芝久保町三丁目,西東京市芝久保町三丁目,1.4841555088029033,4507.0,5581.0,0.8075613689302993,80.75613689302993,西東京市芝久保町三丁目
13229003006,西東京市,東伏見六丁目,西東京市東伏見六丁目,1.9915817216541467,307.0,385.0,0.7974025974025974,79.74025974025975,西東京市東伏見六丁目
13229002005,西東京市,柳沢五丁目,西東京市柳沢五丁目,1.2239506714611912,1495.0,1888.0,0.791843220338983,79.1843220338983,西東京市柳沢五丁目
13229015003,西東京市,田無町三丁目,西東京市田無町三丁目,0.3149878831704784,2160.0,2778.0,0.7775377969762419,77.7537796976242,西東京市田無町三丁目
13229004004,西東京市,保谷町四丁目,西東京市保谷町四丁目,0.902992278872544,937.0,1222.0,0.7667757774140753,76.67757774140753,西東京市保谷町四丁目
13229016001,西東京市,南町一丁目,西東京市南町一丁目,0.8120214015218763,1061.0,1415.0,0.7498233215547703,74.98233215547702,西東京市南町一丁目
13229015004,西東京市,田無町四丁目,西東京市田無町四丁目,0.2377523511992706,3589.0,4834.0,0.7424493173355399,74.24493173355398,西東京市田無町四丁目
13211024001,小平市,花小金井一丁目,小平市花小金井一丁目,2.1377572118177617,999.0,1383.0,0.7223427331887202,72.23427331887203,小平市花小金井一丁目
13229002001,西東京市,柳沢一丁目,西東京市柳沢一丁目,1.4782176394420738,673.0,954.0,0.7054507337526206,70.54507337526206,西東京市柳沢一丁目
13229003002,西東京市,東伏見二丁目,西東京市東伏見二丁目,2.0791990931553057,636.0,903.0,0.7043189368770764,70.43189368770764,西東京市東伏見二丁目
13229015002,西東京市,田無町二丁目,西東京市田無町二丁目,0.3971327412297812,1615.0,2306.0,0.7003469210754554,70.03469210754554,西東京市田無町二丁目
13229017004,西東京市,西原町四丁目,西東京市西原町四丁目,1.2395632157409808,2886.0,4249.0,0.6792186396799247,67.92186396799246,西東京市西原町四丁目
13229002006,西東京市,柳沢六丁目,西東京市柳沢六丁目,1.140396618772079,942.0,1409.0,0.6685592618878637,66.85592618878637,西東京市柳沢六丁目
13211024002,小平市,花小金井二丁目,小平市花小金井二丁目,2.129843611327587,1421.0,2156.0,0.6590909090909091,65.9090909090909,小平市花小金井二丁目
13220016004,東大和市,清原四丁目,東大和市清原四丁目,8.454932212594603,55.0,84.0,0.6547619047619048,65.47619047619048,東大和市清原四丁目
13229021002,西東京市,北原町二丁目,西東京市北原町二丁目,0.8975108995539224,974.0,1500.0,0.6493333333333333,64.93333333333334,西東京市北原町二丁目
13229004005,西東京市,保谷町五丁目,西東京市保谷町五丁目,1.0141459249625902,1769.0,2758.0,0.6414068165337201,64.14068165337201,西東京市保谷町五丁目
13211023002,小平市,花小金井南町二丁目,小平市花小金井南町二丁目,2.2239392614248144,381.0,597.0,0.6381909547738693,63.81909547738693,小平市花小金井南町二丁目
13211024008,小平市,花小金井八丁目,小平市花小金井八丁目,3.1747335204383353,375.0,595.0,0.6302521008403361,63.02521008403361,小平市花小金井八丁目
13203004004,武蔵野市,吉祥寺本町四丁目,武蔵野市吉祥寺本町四丁目,3.908939187841168,98.0,156.0,0.6282051282051282,62.82051282051282,武蔵野市吉祥寺本町四丁目
13229005006,西東京市,富士町六丁目,西東京市富士町六丁目,1.7522008947939902,384.0,620.0,0.6193548387096774,61.935483870967744,西東京市富士町六丁目
13229016006,西東京市,南町六丁目,西東京市南町六丁目,0.8091780868145513,1031.0,1733.0,0.5949221004039238,59.49221004039238,西東京市南町六丁目
13229015001,西東京市,田無町一丁目,西東京市田無町一丁目,0.6068760934789323,984.0,1669.0,0.5895745955662073,58.95745955662073,西東京市田無町一丁目
13203006003,武蔵野市,中町三丁目,武蔵野市中町三丁目,3.34225715871578,271.0,472.0,0.5741525423728814,57.41525423728814,武蔵野市中町三丁目
13203010002,武蔵野市,関前二丁目,武蔵野市関前二丁目,2.35675176146532,279.0,486.0,0.5740740740740741,57.407407407407405,武蔵野市関前二丁目
13229005002,西東京市,富士町二丁目,西東京市富士町二丁目,2.457259109836392,1109.0,1935.0,0.5731266149870801,57.312661498708,西東京市富士町二丁目
13229005004,西東京市,富士町四丁目,西東京市富士町四丁目,2.3588052462942586,737.0,1302.0,0.5660522273425499,56.60522273425499,西東京市富士町四丁目
13229023002,西東京市,芝久保町二丁目,西東京市芝久保町二丁目,1.1465063473074262,2836.0,5048.0,0.5618066561014263,56.18066561014263,西東京市芝久保町二丁目
13211024007,小平市,花小金井七丁目,小平市花小金井七丁目,3.2204182873785148,227.0,411.0,0.5523114355231143,55.23114355231144,小平市花小金井七丁目
13210009005,小金井市,貫井北町五丁目,小金井市貫井北町五丁目,5.390966995952293,59.0,108.0,0.5462962962962963,54.629629629629626,小金井市貫井北町五丁目
13229006001,西東京市,中町一丁目,西東京市中町一丁目,2.087755143600192,208.0,382.0,0.5445026178010471,54.45026178010471,西東京市中町一丁目
13222018002,東久留米市,滝山二丁目,東久留米市滝山二丁目,3.2109451306753733,176.0,325.0,0.5415384615384615,54.15384615384615,東久留米市滝山二丁目
13229004006,西東京市,保谷町六丁目,西東京市保谷町六丁目,1.3419633308087735,1651.0,3148.0,0.5244599745870394,52.44599745870394,西東京市保谷町六丁目
13229005003,西東京市,富士町三丁目,西東京市富士町三丁目,2.5182125320626745,652.0,1245.0,0.5236947791164659,52.36947791164659,西東京市富士町三丁目
13229021001,西東京市,北原町一丁目,西東京市北原町一丁目,0.7530141946522992,2158.0,4127.0,0.522897988853889,52.289798885388905,西東京市北原町一丁目
13229005001,西東京市,富士町一丁目,西東京市富士町一丁目,1.9496698187863457,1298.0,2548.0,0.5094191522762951,50.94191522762951,西東京市富士町一丁目
13115022004,杉並区,西荻南四丁目,杉並区西荻南四丁目,6.802305649761576,635.0,1260.0,0.503968253968254,50.39682539682539,杉並区西荻南四丁目
13229012001,西東京市,栄町一丁目,西東京市栄町一丁目,2.6097405098261537,945.0,1880.0,0.5026595744680851,50.26595744680851,西東京市栄町一丁目
13229011001,西東京市,ひばりが丘北一丁目,西東京市ひばりが丘北一丁目,2.6205037349288087,336.0,679.0,0.4948453608247423,49.48453608247423,西東京市ひばりが丘北一丁目
13229015006,西東京市,田無町六丁目,西東京市田無町六丁目,0.5373396609681944,1531.0,3125.0,0.48992,48.992,西東京市田無町六丁目
13210010001,小金井市,貫井南町一丁目,小金井市貫井南町一丁目,5.824552325318462,98.0,203.0,0.4827586206896552,48.27586206896552,小金井市貫井南町一丁目
13211024005,小平市,花小金井五丁目,小平市花小金井五丁目,2.683945162186222,925.0,1952.0,0.4738729508196721,47.38729508196721,小平市花小金井五丁目
13222016002,東久留米市,前沢二丁目,東久留米市前沢二丁目,2.538544651186088,641.0,1358.0,0.4720176730486008,47.20176730486008,東久留米市前沢二丁目
13222017003,東久留米市,南町三丁目,東久留米市南町三丁目,1.932989762206361,408.0,879.0,0.4641638225255973,46.41638225255973,東久留米市南町三丁目
13220007001,東大和市,狭山一丁目,東大和市狭山一丁目,9.764378278640764,72.0,158.0,0.4556962025316455,45.56962025316456,東大和市狭山一丁目
13229008001,西東京市,泉町一丁目,西東京市泉町一丁目,1.2440468880340994,1020.0,2239.0,0.4555605180884323,45.55605180884323,西東京市泉町一丁目
13229003005,西東京市,東伏見五丁目,西東京市東伏見五丁目,1.9678243251163152,499.0,1098.0,0.4544626593806922,45.44626593806922,西東京市東伏見五丁目
13222012002,東久留米市,小山二丁目,東久留米市小山二丁目,3.896461241992338,57.0,127.0,0.4488188976377952,44.881889763779526,東久留米市小山二丁目
13229002002,西東京市,柳沢二丁目,西東京市柳沢二丁目,1.5610859280548686,1285.0,2875.0,0.4469565217391304,44.69565217391304,西東京市柳沢二丁目
13120039002,練馬区,関町北二丁目,練馬区関町北二丁目,3.3145096062465793,1136.0,2545.0,0.4463654223968565,44.63654223968565,練馬区関町北二丁目
13229013001,西東京市,北町一丁目,西東京市北町一丁目,3.1171843542854867,185.0,415.0,0.4457831325301205,44.57831325301205,西東京市北町一丁目
13229016002,西東京市,南町二丁目,西東京市南町二丁目,0.9825257476971926,622.0,1399.0,0.444603288062902,44.46032880629021,西東京市南町二丁目
13210002001,小金井市,梶野町一丁目,小金井市梶野町一丁目,3.0389565246062507,116.0,267.0,0.4344569288389513,43.445692883895134,小金井市梶野町一丁目
13120039004,練馬区,関町北四丁目,練馬区関町北四丁目,3.070402191022234,671.0,1549.0,0.4331826985151711,43.31826985151711,練馬区関町北四丁目
13222015001,東久留米市,南沢一丁目,東久留米市南沢一丁目,2.7816016913486816,442.0,1022.0,0.4324853228962818,43.24853228962818,東久留米市南沢一丁目
13229004002,西東京市,保谷町二丁目,西東京市保谷町二丁目,1.520764532158044,277.0,646.0,0.4287925696594427,42.87925696594427,西東京市保谷町二丁目
13229017001,西東京市,西原町一丁目,西東京市西原町一丁目,0.3662286319834087,174.0,406.0,0.4285714285714285,42.857142857142854,西東京市西原町一丁目
13210006005,小金井市,前原町五丁目,小金井市前原町五丁目,5.628927815068462,107.0,250.0,0.428,42.8,小金井市前原町五丁目
132220100,東久留米市,ひばりが丘団地,東久留米市ひばりが丘団地,1.96221689544331,1326.0,3186.0,0.416195856873823,41.6195856873823,東久留米市ひばりが丘団地
13210001002,小金井市,東町二丁目,小金井市東町二丁目,3.7319076933964586,74.0,178.0,0.4157303370786517,41.57303370786517,小金井市東町二丁目
13203005003,武蔵野市,吉祥寺北町三丁目,武蔵野市吉祥寺北町三丁目,3.561827897809496,224.0,542.0,0.4132841328413284,41.32841328413284,武蔵野市吉祥寺北町三丁目
13222015004,東久留米市,南沢四丁目,東久留米市南沢四丁目,2.216025161809911,327.0,793.0,0.4123581336696091,41.23581336696091,東久留米市南沢四丁目
13229016005,西東京市,南町五丁目,西東京市南町五丁目,0.6059665809619429,404.0,980.0,0.4122448979591837,41.224489795918366,西東京市南町五丁目
13210009003,小金井市,貫井北町三丁目,小金井市貫井北町三丁目,4.276308398333524,94.0,230.0,0.408695652173913,40.869565217391305,小金井市貫井北町三丁目
13229010001,西東京市,ひばりが丘一丁目,西東京市ひばりが丘一丁目,2.3444744039478387,595.0,1457.0,0.4083733699382292,40.83733699382292,西東京市ひばりが丘一丁目
13229004003,西東京市,保谷町三丁目,西東京市保谷町三丁目,1.2412221347846748,420.0,1038.0,0.4046242774566474,40.46242774566474,西東京市保谷町三丁目
13211024006,小平市,花小金井六丁目,小平市花小金井六丁目,2.746490738631388,479.0,1189.0,0.4028595458368377,40.28595458368377,小平市花小金井六丁目
13211011003,小平市,喜平町三丁目,小平市喜平町三丁目,4.570640701634092,609.0,1514.0,0.4022457067371202,40.22457067371202,小平市喜平町三丁目
13229018002,西東京市,緑町二丁目,西東京市緑町二丁目,1.1884759020088786,1501.0,3733.0,0.4020894722743102,40.20894722743102,西東京市緑町二丁目
13114018005,中野区,鷺宮五丁目,中野区鷺宮五丁目,8.476039374866831,164.0,410.0,0.4,40.0,中野区鷺宮五丁目
13229010004,西東京市,ひばりが丘四丁目,西東京市ひばりが丘四丁目,1.6352569607428755,511.0,1283.0,0.3982852689010132,39.82852689010132,西東京市ひばりが丘四丁目
13229016003,西東京市,南町三丁目,西東京市南町三丁目,0.6667960388036066,1091.0,2759.0,0.3954331279449076,39.54331279449076,西東京市南町三丁目
13222008003,東久留米市,浅間町三丁目,東久留米市浅間町三丁目,2.9410150836896394,629.0,1604.0,0.39214463840399,39.214463840399,東久留米市浅間町三丁目
13222011002,東久留米市,本町二丁目,東久留米市本町二丁目,3.6573556957803226,468.0,1194.0,0.3919597989949748,39.19597989949749,東久留米市本町二丁目
13213012002,東村山市,諏訪町二丁目,東村山市諏訪町二丁目,8.047049123261083,339.0,872.0,0.3887614678899082,38.87614678899082,東村山市諏訪町二丁目
13229011004,西東京市,ひばりが丘北四丁目,西東京市ひばりが丘北四丁目,2.7096012033801697,31.0,80.0,0.3875,38.75,西東京市ひばりが丘北四丁目
13229016004,西東京市,南町四丁目,西東京市南町四丁目,0.60453146973981,1244.0,3212.0,0.3872976338729763,38.72976338729763,西東京市南町四丁目
13210005003,小金井市,中町三丁目,小金井市中町三丁目,4.11996734603181,77.0,200.0,0.385,38.5,小金井市中町三丁目
13211023001,小平市,花小金井南町一丁目,小平市花小金井南町一丁目,2.572310552720112,697.0,1821.0,0.3827567270730368,38.27567270730368,小平市花小金井南町一丁目
13229009006,西東京市,住吉町六丁目,西東京市住吉町六丁目,2.0472804542552208,374.0,978.0,0.3824130879345603,38.24130879345603,西東京市住吉町六丁目
13222017001,東久留米市,南町一丁目,東久留米市南町一丁目,1.5878228429200525,563.0,1477.0,0.3811780636425186,38.11780636425186,東久留米市南町一丁目
13229007002,西東京市,東町二丁目,西東京市東町二丁目,2.7457740304903955,510.0,1338.0,0.3811659192825112,38.11659192825112,西東京市東町二丁目
13220012001,東大和市,中央一丁目,東大和市中央一丁目,9.665038658631463,149.0,393.0,0.3791348600508906,37.913486005089055,東大和市中央一丁目
13229020003,西東京市,谷戸町三丁目,西東京市谷戸町三丁目,1.9409422011103752,1487.0,3955.0,0.3759797724399494,37.59797724399495,西東京市谷戸町三丁目
13211023003,小平市,花小金井南町三丁目,小平市花小金井南町三丁目,1.880466901698469,848.0,2287.0,0.3707914298207258,37.07914298207258,小平市花小金井南町三丁目
13229009005,西東京市,住吉町五丁目,西東京市住吉町五丁目,2.3638200414936,235.0,635.0,0.3700787401574803,37.00787401574803,西東京市住吉町五丁目
13222023001,東久留米市,弥生一丁目,東久留米市弥生一丁目,3.152993042393922,121.0,327.0,0.3700305810397553,37.00305810397553,東久留米市弥生一丁目
13222013001,東久留米市,幸町一丁目,東久留米市幸町一丁目,3.645850838780581,263.0,714.0,0.3683473389355742,36.83473389355743,東久留米市幸町一丁目
13222014006,東久留米市,中央町六丁目,東久留米市中央町六丁目,3.3262033926883205,97.0,267.0,0.3632958801498127,36.32958801498128,東久留米市中央町六丁目
13211017002,小平市,美園町二丁目,小平市美園町二丁目,4.459047838896197,161.0,450.0,0.3577777777777777,35.77777777777777,小平市美園町二丁目
13210008003,小金井市,桜町三丁目,小金井市桜町三丁目,3.047639462651706,89.0,249.0,0.357429718875502,35.7429718875502,小金井市桜町三丁目
13229003001,西東京市,東伏見一丁目,西東京市東伏見一丁目,1.7321248066933974,47.0,132.0,0.3560606060606061,35.60606060606061,西東京市東伏見一丁目
13229008002,西東京市,泉町二丁目,西東京市泉町二丁目,1.5785787098553907,1226.0,3456.0,0.3547453703703703,35.47453703703704,西東京市泉町二丁目
13203007003,武蔵野市,西久保三丁目,武蔵野市西久保三丁目,2.7787596499124683,270.0,762.0,0.3543307086614173,35.43307086614173,武蔵野市西久保三丁目
13229007003,西東京市,東町三丁目,西東京市東町三丁目,3.0324551127205477,496.0,1402.0,0.3537803138373752,35.37803138373752,西東京市東町三丁目
13229023001,西東京市,芝久保町一丁目,西東京市芝久保町一丁目,1.269650490062668,2416.0,6846.0,0.3529068068945369,35.290680689453694,西東京市芝久保町一丁目
13203008003,武蔵野市,緑町三丁目,武蔵野市緑町三丁目,2.568731432940874,129.0,372.0,0.3467741935483871,34.67741935483871,武蔵野市緑町三丁目
13222019001,東久留米市,下里一丁目,東久留米市下里一丁目,4.004730511742038,160.0,462.0,0.3463203463203463,34.63203463203463,東久留米市下里一丁目
13229014004,西東京市,下保谷四丁目,西東京市下保谷四丁目,3.366409793732445,315.0,915.0,0.3442622950819672,34.42622950819672,西東京市下保谷四丁目
13229006006,西東京市,中町六丁目,西東京市中町六丁目,1.885463428698256,63.0,185.0,0.3405405405405405,34.054054054054056,西東京市中町六丁目
13211002002,小平市,上水新町二丁目,小平市上水新町二丁目,7.925188799005858,126.0,372.0,0.3387096774193548,33.87096774193548,小平市上水新町二丁目
13213012003,東村山市,諏訪町三丁目,東村山市諏訪町三丁目,8.485076070083274,99.0,293.0,0.3378839590443686,33.78839590443686,東村山市諏訪町三丁目
13211002003,小平市,上水新町三丁目,小平市上水新町三丁目,7.275040511836255,53.0,157.0,0.3375796178343949,33.75796178343949,小平市上水新町三丁目
13114019003,中野区,上鷺宮三丁目,中野区上鷺宮三丁目,8.477561166061044,143.0,425.0,0.3364705882352941,33.64705882352941,中野区上鷺宮三丁目
13229014005,西東京市,下保谷五丁目,西東京市下保谷五丁目,3.104938657331023,872.0,2620.0,0.332824427480916,33.2824427480916,西東京市下保谷五丁目
13229002003,西東京市,柳沢三丁目,西東京市柳沢三丁目,1.648150638313612,790.0,2385.0,0.3312368972746331,33.123689727463315,西東京市柳沢三丁目
13112061004,世田谷区,北烏山四丁目,世田谷区北烏山四丁目,7.617639361888792,252.0,763.0,0.3302752293577982,33.02752293577982,世田谷区北烏山四丁目
13120038002,練馬区,関町東二丁目,練馬区関町東二丁目,3.796594798933143,146.0,443.0,0.3295711060948081,32.95711060948081,練馬区関町東二丁目
13210006003,小金井市,前原町三丁目,小金井市前原町三丁目,4.971942628146527,52.0,158.0,0.3291139240506329,32.91139240506329,小金井市前原町三丁目
13203011001,武蔵野市,境一丁目,武蔵野市境一丁目,2.950457185407188,339.0,1031.0,0.3288069835111542,32.88069835111542,武蔵野市境一丁目
13203011003,武蔵野市,境三丁目,武蔵野市境三丁目,2.599253664311834,69.0,210.0,0.3285714285714285,32.857142857142854,武蔵野市境三丁目
13211005001,小平市,栄町一丁目,小平市栄町一丁目,8.791133441641309,20.0,61.0,0.3278688524590163,32.78688524590164,小平市栄町一丁目
13229007005,西東京市,東町五丁目,西東京市東町五丁目,2.7483742046122557,141.0,431.0,0.3271461716937355,32.71461716937355,西東京市東町五丁目
13229006004,西東京市,中町四丁目,西東京市中町四丁目,2.46939596653358,240.0,739.0,0.3247631935047361,32.47631935047362,西東京市中町四丁目
13120030005,練馬区,谷原五丁目,練馬区谷原五丁目,6.915087297097349,539.0,1684.0,0.3200712589073634,32.00712589073634,練馬区谷原五丁目
13220007005,東大和市,狭山五丁目,東大和市狭山五丁目,9.137980748665292,63.0,199.0,0.3165829145728643,31.65829145728643,東大和市狭山五丁目
13229013005,西東京市,北町五丁目,西東京市北町五丁目,3.6589838072600425,349.0,1129.0,0.3091231178033658,30.912311780336584,西東京市北町五丁目
13120024006,練馬区,光が丘六丁目,練馬区光が丘六丁目,8.354541727994102,115.0,375.0,0.3066666666666666,30.666666666666664,練馬区光が丘六丁目
13213006004,東村山市,萩山町四丁目,東村山市萩山町四丁目,5.861216576432882,454.0,1483.0,0.306136210384356,30.6136210384356,東村山市萩山町四丁目
13211011002,小平市,喜平町二丁目,小平市喜平町二丁目,5.043546431015865,123.0,403.0,0.3052109181141439,30.52109181141439,小平市喜平町二丁目
13211022001,小平市,大沼町一丁目,小平市大沼町一丁目,4.0685975501005744,289.0,950.0,0.3042105263157895,30.42105263157895,小平市大沼町一丁目
13204003004,三鷹市,井の頭四丁目,三鷹市井の頭四丁目,4.934019534536518,84.0,279.0,0.3010752688172043,30.107526881720432,三鷹市井の頭四丁目
13229022001,西東京市,向台町一丁目,西東京市向台町一丁目,1.2107991217360026,1241.0,4127.0,0.30070268960504,30.070268960504,西東京市向台町一丁目
13229006005,西東京市,中町五丁目,西東京市中町五丁目,2.187947086456957,323.0,1090.0,0.2963302752293578,29.63302752293578,西東京市中町五丁目
13229011003,西東京市,ひばりが丘北三丁目,西東京市ひばりが丘北三丁目,2.614119856439855,188.0,635.0,0.2960629921259842,29.606299212598422,西東京市ひばりが丘北三丁目
13120044005,練馬区,南大泉五丁目,練馬区南大泉五丁目,3.9498740730207778,798.0,2711.0,0.2943563260789376,29.43563260789376,練馬区南大泉五丁目
13211021001,小平市,天神町一丁目,小平市天神町一丁目,4.035813773630262,564.0,1919.0,0.2939030745179781,29.39030745179781,小平市天神町一丁目
13120040004,練馬区,関町南四丁目,練馬区関町南四丁目,3.140165845930877,536.0,1879.0,0.2852581160191591,28.525811601915912,練馬区関町南四丁目
13229007006,西東京市,東町六丁目,西東京市東町六丁目,2.656059472016582,270.0,963.0,0.2803738317757009,28.037383177570092,西東京市東町六丁目
13222014004,東久留米市,中央町四丁目,東久留米市中央町四丁目,2.4683370897583243,139.0,500.0,0.278,27.800000000000004,東久留米市中央町四丁目
13222016004,東久留米市,前沢四丁目,東久留米市前沢四丁目,2.911361305076779,378.0,1378.0,0.274310595065312,27.4310595065312,東久留米市前沢四丁目
13229009002,西東京市,住吉町二丁目,西東京市住吉町二丁目,2.033003157975888,120.0,439.0,0.2733485193621868,27.33485193621868,西東京市住吉町二丁目
13229022002,西東京市,向台町二丁目,西東京市向台町二丁目,1.171693395059237,617.0,2265.0,0.2724061810154525,27.240618101545255,西東京市向台町二丁目
13222018004,東久留米市,滝山四丁目,東久留米市滝山四丁目,3.462943706470636,78.0,287.0,0.2717770034843205,27.177700348432055,東久留米市滝山四丁目
13204002005,三鷹市,牟礼五丁目,三鷹市牟礼五丁目,6.245080513738858,395.0,1459.0,0.2707333790267306,27.07333790267306,三鷹市牟礼五丁目
13229011002,西東京市,ひばりが丘北二丁目,西東京市ひばりが丘北二丁目,2.9447792454304036,180.0,673.0,0.2674591381872214,26.74591381872214,西東京市ひばりが丘北二丁目
13229014002,西東京市,下保谷二丁目,西東京市下保谷二丁目,3.09834255234047,415.0,1563.0,0.2655150351887396,26.551503518873957,西東京市下保谷二丁目
13120044001,練馬区,南大泉一丁目,練馬区南大泉一丁目,3.449601075326526,742.0,2805.0,0.2645276292335116,26.45276292335116,練馬区南大泉一丁目
13204009002,三鷹市,深大寺二丁目,三鷹市深大寺二丁目,4.628597731244515,357.0,1354.0,0.2636632200886263,26.36632200886263,三鷹市深大寺二丁目
13203012005,武蔵野市,境南町五丁目,武蔵野市境南町五丁目,3.694354547142598,238.0,917.0,0.2595419847328244,25.95419847328244,武蔵野市境南町五丁目
13211017003,小平市,美園町三丁目,小平市美園町三丁目,4.683470656973142,122.0,475.0,0.2568421052631578,25.684210526315788,小平市美園町三丁目
13220013001,東大和市,南街一丁目,東大和市南街一丁目,9.644563643260188,62.0,245.0,0.2530612244897959,25.30612244897959,東大和市南街一丁目
13210010002,小金井市,貫井南町二丁目,小金井市貫井南町二丁目,5.413150914027091,72.0,285.0,0.2526315789473684,25.26315789473684,小金井市貫井南町二丁目
13211009005,小平市,上水本町五丁目,小平市上水本町五丁目,5.881240803957383,327.0,1297.0,0.2521202775636083,25.212027756360833,小平市上水本町五丁目
13211024003,小平市,花小金井三丁目,小平市花小金井三丁目,2.1164436165720932,312.0,1239.0,0.2518159806295399,25.181598062954,小平市花小金井三丁目
13213011004,東村山市,多摩湖町四丁目,東村山市多摩湖町四丁目,9.104061959308854,87.0,346.0,0.2514450867052023,25.14450867052023,東村山市多摩湖町四丁目
13229001001,西東京市,新町一丁目,西東京市新町一丁目,1.58537186232481,840.0,3352.0,0.2505966587112171,25.059665871121716,西東京市新町一丁目
13222016003,東久留米市,前沢三丁目,東久留米市前沢三丁目,2.373362493762524,196.0,785.0,0.2496815286624203,24.96815286624204,東久留米市前沢三丁目
13229021003,西東京市,北原町三丁目,西東京市北原町三丁目,0.6598963490355839,578.0,2339.0,0.2471141513467293,24.711415134672936,西東京市北原町三丁目
13210002002,小金井市,梶野町二丁目,小金井市梶野町二丁目,2.629535835205034,167.0,676.0,0.2470414201183432,24.70414201183432,小金井市梶野町二丁目
13115035002,杉並区,高井戸西二丁目,杉並区高井戸西二丁目,8.236846743525346,104.0,424.0,0.2452830188679245,24.528301886792452,杉並区高井戸西二丁目
13210007001,小金井市,本町一丁目,小金井市本町一丁目,4.2852338426028025,102.0,421.0,0.2422802850356294,24.228028503562943,小金井市本町一丁目
13204001008,三鷹市,下連雀八丁目,三鷹市下連雀八丁目,5.516068927237188,66.0,276.0,0.2391304347826087,23.91304347826087,三鷹市下連雀八丁目
13210002004,小金井市,梶野町四丁目,小金井市梶野町四丁目,2.846994647313709,219.0,928.0,0.2359913793103448,23.599137931034484,小金井市梶野町四丁目
13211021002,小平市,天神町二丁目,小平市天神町二丁目,4.046151585647951,129.0,547.0,0.2358318098720292,23.58318098720293,小平市天神町二丁目
132110180,小平市,回田町,小平市回田町,4.1873140059829215,748.0,3177.0,0.2354422411079635,23.54422411079635,小平市回田町
13211017001,小平市,美園町一丁目,小平市美園町一丁目,4.5639413756294465,338.0,1458.0,0.2318244170096021,23.18244170096022,小平市美園町一丁目
13203009004,武蔵野市,八幡町四丁目,武蔵野市八幡町四丁目,1.8588164649065968,148.0,643.0,0.2301710730948678,23.017107309486786,武蔵野市八幡町四丁目
13120040002,練馬区,関町南二丁目,練馬区関町南二丁目,4.417425276508888,231.0,1007.0,0.2293942403177755,22.93942403177756,練馬区関町南二丁目
13203007001,武蔵野市,西久保一丁目,武蔵野市西久保一丁目,3.065604033612108,114.0,504.0,0.2261904761904762,22.61904761904762,武蔵野市西久保一丁目
13213011001,東村山市,多摩湖町一丁目,東村山市多摩湖町一丁目,8.831538457202413,191.0,848.0,0.2252358490566037,22.52358490566038,東村山市多摩湖町一丁目
13220015005,東大和市,向原五丁目,東大和市向原五丁目,8.995616901407443,38.0,170.0,0.2235294117647059,22.35294117647059,東大和市向原五丁目
13204011003,三鷹市,大沢三丁目,三鷹市大沢三丁目,4.935736339258933,133.0,598.0,0.2224080267558528,22.24080267558528,三鷹市大沢三丁目
13222004002,東久留米市,氷川台二丁目,東久留米市氷川台二丁目,4.300356335269839,139.0,628.0,0.2213375796178344,22.13375796178344,東久留米市氷川台二丁目
13222017004,東久留米市,南町四丁目,東久留米市南町四丁目,2.2029826175657155,205.0,931.0,0.2201933404940923,22.01933404940924,東久留米市南町四丁目
13229004001,西東京市,保谷町一丁目,西東京市保谷町一丁目,1.6045501552290458,166.0,754.0,0.2201591511936339,22.015915119363395,西東京市保谷町一丁目
13229012003,西東京市,栄町三丁目,西東京市栄町三丁目,2.9864933109436373,203.0,928.0,0.21875,21.875,西東京市栄町三丁目
13229002004,西東京市,柳沢四丁目,西東京市柳沢四丁目,1.5675356360182615,118.0,546.0,0.2161172161172161,21.611721611721613,西東京市柳沢四丁目
13115027005,杉並区,井草五丁目,杉並区井草五丁目,6.12395532132214,345.0,1608.0,0.2145522388059701,21.455223880597018,杉並区井草五丁目
13115019005,杉並区,荻窪五丁目,杉並区荻窪五丁目,7.829851951003317,68.0,318.0,0.2138364779874214,21.38364779874214,杉並区荻窪五丁目
13211022007,小平市,大沼町七丁目,小平市大沼町七丁目,3.7456527931027095,201.0,942.0,0.2133757961783439,21.337579617834397,小平市大沼町七丁目
13120044002,練馬区,南大泉二丁目,練馬区南大泉二丁目,2.973222086560144,714.0,3349.0,0.2131979695431472,21.31979695431472,練馬区南大泉二丁目
13211012003,小平市,津田町三丁目,小平市津田町三丁目,6.280286120396818,236.0,1108.0,0.2129963898916967,21.299638989169676,小平市津田町三丁目
13229009001,西東京市,住吉町一丁目,西東京市住吉町一丁目,1.6563654088021156,505.0,2444.0,0.2066284779050736,20.662847790507367,西東京市住吉町一丁目
13220008001,東大和市,清水一丁目,東大和市清水一丁目,9.228898556824678,69.0,335.0,0.2059701492537313,20.597014925373134,東大和市清水一丁目
13210007002,小金井市,本町二丁目,小金井市本町二丁目,3.960498907632391,58.0,282.0,0.2056737588652482,20.56737588652482,小金井市本町二丁目
13220006003,東大和市,高木三丁目,東大和市高木三丁目,9.639963178404374,73.0,357.0,0.2044817927170868,20.44817927170868,東大和市高木三丁目
13204010001,三鷹市,野崎一丁目,三鷹市野崎一丁目,5.409252951032617,61.0,300.0,0.2033333333333333,20.333333333333332,三鷹市野崎一丁目
13222014002,東久留米市,中央町二丁目,東久留米市中央町二丁目,3.2057801157254686,75.0,372.0,0.2016129032258064,20.161290322580644,東久留米市中央町二丁目
13222012001,東久留米市,小山一丁目,東久留米市小山一丁目,4.007468792845533,43.0,214.0,0.2009345794392523,20.09345794392523,東久留米市小山一丁目
13214008001,国分寺市,西恋ケ窪一丁目,国分寺市西恋ケ窪一丁目,7.005779782317193,121.0,605.0,0.2,20.0,国分寺市西恋ケ窪一丁目
13203013001,武蔵野市,桜堤一丁目,武蔵野市桜堤一丁目,2.320666059684192,432.0,2171.0,0.1989866421004145,19.898664210041456,武蔵野市桜堤一丁目
13229006003,西東京市,中町三丁目,西東京市中町三丁目,2.390267168623543,84.0,424.0,0.1981132075471698,19.81132075471698,西東京市中町三丁目
13229007001,西東京市,東町一丁目,西東京市東町一丁目,2.7149009779717654,72.0,365.0,0.1972602739726027,19.726027397260275,西東京市東町一丁目
13229010003,西東京市,ひばりが丘三丁目,西東京市ひばりが丘三丁目,1.6503023550058342,1126.0,5872.0,0.1917574931880108,19.17574931880109,西東京市ひばりが丘三丁目
13211024004,小平市,花小金井四丁目,小平市花小金井四丁目,2.772601173057286,275.0,1436.0,0.1915041782729805,19.15041782729805,小平市花小金井四丁目
13120044003,練馬区,南大泉三丁目,練馬区南大泉三丁目,3.231005810000234,498.0,2607.0,0.19102416570771,19.102416570771,練馬区南大泉三丁目
13222002002,東久留米市,神宝町二丁目,東久留米市神宝町二丁目,4.249506403675173,145.0,762.0,0.1902887139107611,19.028871391076116,東久留米市神宝町二丁目
13229014001,西東京市,下保谷一丁目,西東京市下保谷一丁目,2.8279186253685022,54.0,288.0,0.1875,18.75,西東京市下保谷一丁目
13229022006,西東京市,向台町六丁目,西東京市向台町六丁目,1.595510608277198,665.0,3576.0,0.1859619686800895,18.59619686800895,西東京市向台町六丁目
13229010002,西東京市,ひばりが丘二丁目,西東京市ひばりが丘二丁目,1.9993041249723733,511.0,2748.0,0.1859534206695778,18.595342066957787,西東京市ひばりが丘二丁目
13203009003,武蔵野市,八幡町三丁目,武蔵野市八幡町三丁目,1.8866482267152505,73.0,394.0,0.1852791878172588,18.527918781725887,武蔵野市八幡町三丁目
13222020001,東久留米市,柳窪一丁目,東久留米市柳窪一丁目,4.414962343485553,139.0,755.0,0.1841059602649006,18.41059602649007,東久留米市柳窪一丁目
13229013002,西東京市,北町二丁目,西東京市北町二丁目,3.3633913901130845,159.0,870.0,0.1827586206896551,18.275862068965516,西東京市北町二丁目
13211022004,小平市,大沼町四丁目,小平市大沼町四丁目,3.790934347054125,128.0,704.0,0.1818181818181818,18.181818181818183,小平市大沼町四丁目
13222018006,東久留米市,滝山六丁目,東久留米市滝山六丁目,3.748515134930229,584.0,3225.0,0.1810852713178294,18.108527131782942,東久留米市滝山六丁目
13206005004,府中市,押立町四丁目,府中市押立町四丁目,8.541409233236925,65.0,362.0,0.1795580110497237,17.955801104972377,府中市押立町四丁目
13115019003,杉並区,荻窪三丁目,杉並区荻窪三丁目,8.579315050810285,386.0,2151.0,0.1794514179451418,17.94514179451418,杉並区荻窪三丁目
13222009001,東久留米市,学園町一丁目,東久留米市学園町一丁目,2.6226313388033766,204.0,1137.0,0.179419525065963,17.941952506596305,東久留米市学園町一丁目
13203005001,武蔵野市,吉祥寺北町一丁目,武蔵野市吉祥寺北町一丁目,4.1186216067948225,122.0,681.0,0.1791483113069016,17.91483113069016,武蔵野市吉祥寺北町一丁目
13120038001,練馬区,関町東一丁目,練馬区関町東一丁目,4.060131488827339,323.0,1807.0,0.1787493082457111,17.874930824571113,練馬区関町東一丁目
13204011006,三鷹市,大沢六丁目,三鷹市大沢六丁目,5.889810040712209,196.0,1101.0,0.1780199818346957,17.80199818346957,三鷹市大沢六丁目
13229008006,西東京市,泉町六丁目,西東京市泉町六丁目,2.419044466695619,338.0,1902.0,0.177707676130389,17.770767613038906,西東京市泉町六丁目
13221003005,清瀬市,中清戸五丁目,清瀬市中清戸五丁目,5.477467417398792,484.0,2728.0,0.1774193548387097,17.741935483870968,清瀬市中清戸五丁目
13229020001,西東京市,谷戸町一丁目,西東京市谷戸町一丁目,1.4018403925256226,1517.0,8651.0,0.1753554502369668,17.535545023696685,西東京市谷戸町一丁目
13120033004,練馬区,石神井台四丁目,練馬区石神井台四丁目,4.272358801837847,793.0,4611.0,0.171980047711993,17.198004771199308,練馬区石神井台四丁目
13213006005,東村山市,萩山町五丁目,東村山市萩山町五丁目,5.475682663196025,139.0,821.0,0.1693057247259439,16.930572472594395,東村山市萩山町五丁目
13210005004,小金井市,中町四丁目,小金井市中町四丁目,4.68405991060357,66.0,391.0,0.1687979539641943,16.879795396419436,小金井市中町四丁目
13222018003,東久留米市,滝山三丁目,東久留米市滝山三丁目,3.210747656387066,44.0,261.0,0.1685823754789272,16.85823754789272,東久留米市滝山三丁目
13210006002,小金井市,前原町二丁目,小金井市前原町二丁目,4.8158030548006865,42.0,250.0,0.168,16.8,小金井市前原町二丁目
13229009004,西東京市,住吉町四丁目,西東京市住吉町四丁目,2.3103768244768106,235.0,1399.0,0.1679771265189421,16.79771265189421,西東京市住吉町四丁目
13214002003,国分寺市,西元町三丁目,国分寺市西元町三丁目,7.40637710338346,48.0,286.0,0.1678321678321678,16.783216783216783,国分寺市西元町三丁目
13222019005,東久留米市,下里五丁目,東久留米市下里五丁目,4.513274265861836,194.0,1159.0,0.1673856773080241,16.738567730802416,東久留米市下里五丁目
13203012001,武蔵野市,境南町一丁目,武蔵野市境南町一丁目,3.5571438910814104,123.0,757.0,0.1624834874504623,16.248348745046233,武蔵野市境南町一丁目
13221001001,清瀬市,上清戸一丁目,清瀬市上清戸一丁目,5.209926480099231,161.0,998.0,0.1613226452905811,16.132264529058116,清瀬市上清戸一丁目
13229001006,西東京市,新町六丁目,西東京市新町六丁目,1.829124015616844,591.0,3715.0,0.1590847913862718,15.908479138627188,西東京市新町六丁目
13222015003,東久留米市,南沢三丁目,東久留米市南沢三丁目,2.6306440775454787,122.0,769.0,0.1586475942782834,15.864759427828348,東久留米市南沢三丁目
13222015005,東久留米市,南沢五丁目,東久留米市南沢五丁目,1.9976452056235785,241.0,1521.0,0.15844838921762,15.844838921762,東久留米市南沢五丁目
13229007004,西東京市,東町四丁目,西東京市東町四丁目,2.9484397900734693,281.0,1784.0,0.1575112107623318,15.751121076233185,西東京市東町四丁目
13203012004,武蔵野市,境南町四丁目,武蔵野市境南町四丁目,3.280494869360659,162.0,1031.0,0.1571290009699321,15.71290009699321,武蔵野市境南町四丁目
13229020002,西東京市,谷戸町二丁目,西東京市谷戸町二丁目,1.6711104203626923,2150.0,13890.0,0.1547876169906407,15.478761699064076,西東京市谷戸町二丁目
13229008003,西東京市,泉町三丁目,西東京市泉町三丁目,1.837256518597849,164.0,1065.0,0.1539906103286385,15.39906103286385,西東京市泉町三丁目
13120030001,練馬区,谷原一丁目,練馬区谷原一丁目,7.848850388300475,171.0,1130.0,0.1513274336283185,15.132743362831857,練馬区谷原一丁目
13120034002,練馬区,上石神井二丁目,練馬区上石神井二丁目,5.123058099641493,134.0,888.0,0.1509009009009009,15.090090090090092,練馬区上石神井二丁目
13203002005,武蔵野市,吉祥寺南町五丁目,武蔵野市吉祥寺南町五丁目,5.635788483735081,73.0,488.0,0.1495901639344262,14.959016393442624,武蔵野市吉祥寺南町五丁目
13120032001,練馬区,石神井町一丁目,練馬区石神井町一丁目,6.659608864022028,617.0,4255.0,0.145005875440658,14.500587544065803,練馬区石神井町一丁目
13222018005,東久留米市,滝山五丁目,東久留米市滝山五丁目,3.8704196319605497,126.0,871.0,0.1446613088404133,14.46613088404133,東久留米市滝山五丁目
132110190,小平市,御幸町,小平市御幸町,3.492556052825117,123.0,856.0,0.1436915887850467,14.369158878504674,小平市御幸町
13229012002,西東京市,栄町二丁目,西東京市栄町二丁目,2.7420172338368296,136.0,948.0,0.1434599156118143,14.345991561181432,西東京市栄町二丁目
13222016001,東久留米市,前沢一丁目,東久留米市前沢一丁目,2.69113233600171,99.0,693.0,0.1428571428571428,14.285714285714285,東久留米市前沢一丁目
13222019002,東久留米市,下里二丁目,東久留米市下里二丁目,3.9913181044144377,180.0,1272.0,0.1415094339622641,14.150943396226417,東久留米市下里二丁目
13221008002,清瀬市,野塩二丁目,清瀬市野塩二丁目,6.57845395295259,113.0,801.0,0.1410736579275905,14.107365792759053,清瀬市野塩二丁目
13229001002,西東京市,新町二丁目,西東京市新町二丁目,1.6380110788592728,96.0,684.0,0.1403508771929824,14.035087719298245,西東京市新町二丁目
13120026003,練馬区,土支田三丁目,練馬区土支田三丁目,7.137874509931423,85.0,610.0,0.1393442622950819,13.934426229508196,練馬区土支田三丁目
13222005001,東久留米市,大門町一丁目,東久留米市大門町一丁目,3.771871577678368,77.0,553.0,0.1392405063291139,13.924050632911392,東久留米市大門町一丁目
13115014003,杉並区,阿佐谷北三丁目,杉並区阿佐谷北三丁目,8.695851083395654,54.0,389.0,0.1388174807197943,13.881748071979436,杉並区阿佐谷北三丁目
13208011002,調布市,佐須町二丁目,調布市佐須町二丁目,7.888675853750179,188.0,1361.0,0.1381337252020573,13.81337252020573,調布市佐須町二丁目
13229013004,西東京市,北町四丁目,西東京市北町四丁目,3.9502302282243287,135.0,987.0,0.1367781155015197,13.677811550151976,西東京市北町四丁目
13210008002,小金井市,桜町二丁目,小金井市桜町二丁目,3.693457619814905,64.0,476.0,0.134453781512605,13.445378151260504,小金井市桜町二丁目
13222014005,東久留米市,中央町五丁目,東久留米市中央町五丁目,2.986835374305832,143.0,1080.0,0.1324074074074074,13.240740740740742,東久留米市中央町五丁目
13229022005,西東京市,向台町五丁目,西東京市向台町五丁目,1.3149207538912155,307.0,2327.0,0.1319295229909755,13.192952299097552,西東京市向台町五丁目
13206004006,府中市,白糸台六丁目,府中市白糸台六丁目,7.714019885885262,86.0,663.0,0.1297134238310709,12.97134238310709,府中市白糸台六丁目
13203010004,武蔵野市,関前四丁目,武蔵野市関前四丁目,1.899607878635885,63.0,496.0,0.127016129032258,12.701612903225806,武蔵野市関前四丁目
13120046006,練馬区,大泉学園町六丁目,練馬区大泉学園町六丁目,5.993090482249056,114.0,906.0,0.1258278145695364,12.582781456953644,練馬区大泉学園町六丁目
13229018003,西東京市,緑町三丁目,西東京市緑町三丁目,1.284770068301131,373.0,2977.0,0.1252939200537453,12.529392005374538,西東京市緑町三丁目
13120044004,練馬区,南大泉四丁目,練馬区南大泉四丁目,3.715545092748152,573.0,4605.0,0.1244299674267101,12.44299674267101,練馬区南大泉四丁目
13222003001,東久留米市,金山町一丁目,東久留米市金山町一丁目,4.244113548504189,47.0,381.0,0.1233595800524934,12.335958005249344,東久留米市金山町一丁目
13120043003,練馬区,西大泉三丁目,練馬区西大泉三丁目,4.854513249792633,323.0,2619.0,0.1233295150820924,12.33295150820924,練馬区西大泉三丁目
13203008002,武蔵野市,緑町二丁目,武蔵野市緑町二丁目,2.6051644467127533,167.0,1357.0,0.1230655858511422,12.306558585114225,武蔵野市緑町二丁目
13114016003,中野区,若宮三丁目,中野区若宮三丁目,9.48951915963964,55.0,447.0,0.1230425055928411,12.304250559284116,中野区若宮三丁目
13114018006,中野区,鷺宮六丁目,中野区鷺宮六丁目,8.117137833557637,62.0,505.0,0.1227722772277227,12.277227722772276,中野区鷺宮六丁目
13222009002,東久留米市,学園町二丁目,東久留米市学園町二丁目,2.2226100482321756,196.0,1598.0,0.1226533166458072,12.265331664580724,東久留米市学園町二丁目
13204004004,三鷹市,中原四丁目,三鷹市中原四丁目,7.43129059214134,137.0,1125.0,0.1217777777777777,12.177777777777775,三鷹市中原四丁目
13211022006,小平市,大沼町六丁目,小平市大沼町六丁目,3.4800264971930943,41.0,338.0,0.1213017751479289,12.1301775147929,小平市大沼町六丁目
13120039005,練馬区,関町北五丁目,練馬区関町北五丁目,3.1307480586915832,346.0,2877.0,0.1202641640597845,12.02641640597845,練馬区関町北五丁目
13229014003,西東京市,下保谷三丁目,西東京市下保谷三丁目,3.596886116459455,127.0,1073.0,0.1183597390493942,11.835973904939422,西東京市下保谷三丁目
13204001006,三鷹市,下連雀六丁目,三鷹市下連雀六丁目,5.144962225796497,169.0,1432.0,0.1180167597765363,11.80167597765363,三鷹市下連雀六丁目
13213007001,東村山市,栄町一丁目,東村山市栄町一丁目,6.195975922156357,518.0,4409.0,0.1174869584939895,11.748695849398956,東村山市栄町一丁目
13203007002,武蔵野市,西久保二丁目,武蔵野市西久保二丁目,2.866610066655511,51.0,442.0,0.1153846153846153,11.538461538461538,武蔵野市西久保二丁目
13220016003,東大和市,清原三丁目,東大和市清原三丁目,8.206699101313035,41.0,358.0,0.1145251396648044,11.452513966480447,東大和市清原三丁目
13120033006,練馬区,石神井台六丁目,練馬区石神井台六丁目,4.239830245139558,106.0,935.0,0.1133689839572192,11.336898395721926,練馬区石神井台六丁目
13222019003,東久留米市,下里三丁目,東久留米市下里三丁目,4.255947860868139,178.0,1606.0,0.1108343711083437,11.083437110834373,東久留米市下里三丁目
13211005003,小平市,栄町三丁目,小平市栄町三丁目,7.915138146689444,72.0,654.0,0.110091743119266,11.009174311926609,小平市栄町三丁目
13222020004,東久留米市,柳窪四丁目,東久留米市柳窪四丁目,4.898475942555697,47.0,430.0,0.1093023255813953,10.930232558139537,東久留米市柳窪四丁目
13221001002,清瀬市,上清戸二丁目,清瀬市上清戸二丁目,5.771243433651467,203.0,1858.0,0.1092572658772874,10.92572658772874,清瀬市上清戸二丁目
13222013004,東久留米市,幸町四丁目,東久留米市幸町四丁目,3.658340547319601,67.0,614.0,0.1091205211726384,10.912052117263844,東久留米市幸町四丁目
13229009003,西東京市,住吉町三丁目,西東京市住吉町三丁目,2.333213258131724,142.0,1331.0,0.106686701728024,10.668670172802404,西東京市住吉町三丁目
13120039001,練馬区,関町北一丁目,練馬区関町北一丁目,3.6676874851317858,168.0,1581.0,0.1062618595825427,10.62618595825427,練馬区関町北一丁目
13120033008,練馬区,石神井台八丁目,練馬区石神井台八丁目,3.760209189947675,141.0,1330.0,0.1060150375939849,10.601503759398495,練馬区石神井台八丁目
13115029003,杉並区,上井草三丁目,杉並区上井草三丁目,5.785463298809339,293.0,2788.0,0.105093256814921,10.509325681492108,杉並区上井草三丁目
13210004001,小金井市,緑町一丁目,小金井市緑町一丁目,3.4433918143463393,50.0,476.0,0.1050420168067226,10.504201680672267,小金井市緑町一丁目
13222022001,東久留米市,八幡町一丁目,東久留米市八幡町一丁目,3.91278646369856,200.0,1907.0,0.1048767697954903,10.487676979549027,東久留米市八幡町一丁目
13220014002,東大和市,仲原二丁目,東大和市仲原二丁目,8.954660556132755,53.0,511.0,0.1037181996086105,10.371819960861057,東大和市仲原二丁目
13203013002,武蔵野市,桜堤二丁目,武蔵野市桜堤二丁目,2.2584572421018008,88.0,851.0,0.1034077555816686,10.340775558166865,武蔵野市桜堤二丁目
13220017001,東大和市,新堀一丁目,東大和市新堀一丁目,8.073870882609093,61.0,596.0,0.1023489932885906,10.23489932885906,東大和市新堀一丁目
132110151,小平市,学園東町,小平市学園東町,4.819392219772716,200.0,1968.0,0.1016260162601626,10.16260162601626,小平市学園東町
13222016005,東久留米市,前沢五丁目,東久留米市前沢五丁目,2.8206981871539103,180.0,1772.0,0.1015801354401805,10.15801354401806,東久留米市前沢五丁目
13213006001,東村山市,萩山町一丁目,東村山市萩山町一丁目,5.138570623560695,376.0,3709.0,0.1013750337018064,10.137503370180642,東村山市萩山町一丁目
13229022003,西東京市,向台町三丁目,西東京市向台町三丁目,1.2423356664794876,1397.0,13831.0,0.1010049887932904,10.100498879329043,西東京市向台町三丁目
13211008201,小平市,小川東町一丁目,小平市小川東町一丁目,6.74663719820682,213.0,2109.0,0.1009957325746799,10.099573257467997,小平市小川東町一丁目
13115028003,杉並区,下井草三丁目,杉並区下井草三丁目,7.749485204776771,114.0,1140.0,0.1,10.0,杉並区下井草三丁目
13204001003,三鷹市,下連雀三丁目,三鷹市下連雀三丁目,3.95742946882659,84.0,848.0,0.0990566037735849,9.90566037735849,三鷹市下連雀三丁目
13208023004,調布市,深大寺元町四丁目,調布市深大寺元町四丁目,6.65905994309943,62.0,630.0,0.0984126984126984,9.841269841269842,調布市深大寺元町四丁目
13211015202,小平市,学園東町二丁目,小平市学園東町二丁目,4.876417989869291,166.0,1690.0,0.0982248520710059,9.822485207100591,小平市学園東町二丁目
13222019004,東久留米市,下里四丁目,東久留米市下里四丁目,4.6637950563999055,342.0,3493.0,0.097910105926138,9.7910105926138,東久留米市下里四丁目
13203001004,武蔵野市,吉祥寺東町四丁目,武蔵野市吉祥寺東町四丁目,5.584734223829361,74.0,762.0,0.0971128608923884,9.711286089238843,武蔵野市吉祥寺東町四丁目
13120034004,練馬区,上石神井四丁目,練馬区上石神井四丁目,4.367245603581418,130.0,1339.0,0.0970873786407767,9.70873786407767,練馬区上石神井四丁目
13120043006,練馬区,西大泉六丁目,練馬区西大泉六丁目,4.466180569283599,217.0,2245.0,0.0966592427616926,9.665924276169264,練馬区西大泉六丁目
13203005004,武蔵野市,吉祥寺北町四丁目,武蔵野市吉祥寺北町四丁目,3.109924671821396,59.0,613.0,0.0962479608482871,9.624796084828713,武蔵野市吉祥寺北町四丁目
13120043005,練馬区,西大泉五丁目,練馬区西大泉五丁目,4.219309579578183,361.0,3751.0,0.0962410023993601,9.624100239936018,練馬区西大泉五丁目
13206004003,府中市,白糸台三丁目,府中市白糸台三丁目,7.330763086272511,52.0,552.0,0.0942028985507246,9.420289855072465,府中市白糸台三丁目
13222019007,東久留米市,下里七丁目,東久留米市下里七丁目,4.5185042885314095,127.0,1359.0,0.0934510669610007,9.345106696100071,東久留米市下里七丁目
13120043002,練馬区,西大泉二丁目,練馬区西大泉二丁目,4.494435502072355,178.0,1916.0,0.092901878914405,9.2901878914405,練馬区西大泉二丁目
13221004002,清瀬市,下清戸二丁目,清瀬市下清戸二丁目,6.2834603082730025,81.0,873.0,0.0927835051546391,9.278350515463918,清瀬市下清戸二丁目
13204001007,三鷹市,下連雀七丁目,三鷹市下連雀七丁目,4.878565555316915,89.0,971.0,0.0916580844490216,9.165808444902163,三鷹市下連雀七丁目
13120043001,練馬区,西大泉一丁目,練馬区西大泉一丁目,4.193133188848103,162.0,1770.0,0.0915254237288135,9.152542372881356,練馬区西大泉一丁目
13229013003,西東京市,北町三丁目,西東京市北町三丁目,3.6776959037791617,91.0,1008.0,0.0902777777777777,9.027777777777777,西東京市北町三丁目
13213011002,東村山市,多摩湖町二丁目,東村山市多摩湖町二丁目,9.19424735279824,41.0,456.0,0.0899122807017543,8.991228070175438,東村山市多摩湖町二丁目
13211015203,小平市,学園東町三丁目,小平市学園東町三丁目,4.4784847099494405,74.0,836.0,0.0885167464114832,8.851674641148326,小平市学園東町三丁目
13211006005,小平市,小川西町五丁目,小平市小川西町五丁目,7.306662895533259,86.0,984.0,0.0873983739837398,8.739837398373984,小平市小川西町五丁目
13222005002,東久留米市,大門町二丁目,東久留米市大門町二丁目,3.813586746125416,127.0,1460.0,0.086986301369863,8.698630136986301,東久留米市大門町二丁目
13229001003,西東京市,新町三丁目,西東京市新町三丁目,1.6115410472295544,251.0,2929.0,0.0856947763741891,8.569477637418913,西東京市新町三丁目
13115032003,杉並区,宮前三丁目,杉並区宮前三丁目,7.273979947907388,111.0,1300.0,0.0853846153846153,8.538461538461538,杉並区宮前三丁目
13120046002,練馬区,大泉学園町二丁目,練馬区大泉学園町二丁目,5.242767190926498,93.0,1090.0,0.0853211009174312,8.53211009174312,練馬区大泉学園町二丁目
13120041007,練馬区,東大泉七丁目,練馬区東大泉七丁目,3.973812117835118,252.0,3038.0,0.0829493087557603,8.294930875576037,練馬区東大泉七丁目
13222022003,東久留米市,八幡町三丁目,東久留米市八幡町三丁目,3.278846057694146,141.0,1761.0,0.080068143100511,8.006814310051109,東久留米市八幡町三丁目
13115020001,杉並区,南荻窪一丁目,杉並区南荻窪一丁目,7.837542857237575,212.0,2658.0,0.0797592174567344,7.975921745673439,杉並区南荻窪一丁目
13115027003,杉並区,井草三丁目,杉並区井草三丁目,6.931048326175918,51.0,647.0,0.0788253477588871,7.8825347758887165,杉並区井草三丁目
13115020004,杉並区,南荻窪四丁目,杉並区南荻窪四丁目,7.576851746042269,99.0,1256.0,0.0788216560509554,7.882165605095541,杉並区南荻窪四丁目
13115022003,杉並区,西荻南三丁目,杉並区西荻南三丁目,6.459529128881979,38.0,488.0,0.0778688524590164,7.786885245901639,杉並区西荻南三丁目
13229003004,西東京市,東伏見四丁目,西東京市東伏見四丁目,2.3159792454817687,69.0,893.0,0.0772676371780515,7.726763717805152,西東京市東伏見四丁目
13211010001,小平市,上水南町一丁目,小平市上水南町一丁目,5.3894764351337265,218.0,2825.0,0.0771681415929203,7.716814159292035,小平市上水南町一丁目
13120033005,練馬区,石神井台五丁目,練馬区石神井台五丁目,4.332419199579769,131.0,1719.0,0.0762070971495055,7.620709714950552,練馬区石神井台五丁目
13120046004,練馬区,大泉学園町四丁目,練馬区大泉学園町四丁目,6.225640669823813,112.0,1485.0,0.0754208754208754,7.542087542087541,練馬区大泉学園町四丁目
13115016003,杉並区,本天沼三丁目,杉並区本天沼三丁目,7.711279022893997,74.0,992.0,0.0745967741935483,7.459677419354839,杉並区本天沼三丁目
13222013005,東久留米市,幸町五丁目,東久留米市幸町五丁目,3.955745772598904,22.0,295.0,0.0745762711864406,7.457627118644068,東久留米市幸町五丁目
13222012003,東久留米市,小山三丁目,東久留米市小山三丁目,4.2776237403333806,106.0,1440.0,0.0736111111111111,7.361111111111112,東久留米市小山三丁目
13220008004,東大和市,清水四丁目,東大和市清水四丁目,8.662306339658361,41.0,573.0,0.0715532286212914,7.155322862129145,東大和市清水四丁目
13222011001,東久留米市,本町一丁目,東久留米市本町一丁目,3.2876289876379334,100.0,1414.0,0.0707213578500707,7.072135785007072,東久留米市本町一丁目
13120044006,練馬区,南大泉六丁目,練馬区南大泉六丁目,4.050179831817062,54.0,768.0,0.0703125,7.03125,練馬区南大泉六丁目
13213008002,東村山市,富士見町二丁目,東村山市富士見町二丁目,7.8645121205184045,86.0,1225.0,0.070204081632653,7.020408163265306,東村山市富士見町二丁目
13204007009,三鷹市,上連雀九丁目,三鷹市上連雀九丁目,4.981444572644268,108.0,1552.0,0.0695876288659793,6.958762886597938,三鷹市上連雀九丁目
13204003005,三鷹市,井の頭五丁目,三鷹市井の頭五丁目,5.10211617197468,65.0,943.0,0.0689289501590668,6.892895015906681,三鷹市井の頭五丁目
13222014001,東久留米市,中央町一丁目,東久留米市中央町一丁目,3.177216617127441,81.0,1180.0,0.0686440677966101,6.864406779661017,東久留米市中央町一丁目
13120033003,練馬区,石神井台三丁目,練馬区石神井台三丁目,4.950835572422953,261.0,3816.0,0.0683962264150943,6.839622641509433,練馬区石神井台三丁目
132220060,東久留米市,東本町,東久留米市東本町,3.678327923135292,100.0,1472.0,0.0679347826086956,6.7934782608695645,東久留米市東本町
13120041003,練馬区,東大泉三丁目,練馬区東大泉三丁目,5.267158831471987,197.0,2916.0,0.0675582990397805,6.755829903978052,練馬区東大泉三丁目
13220015006,東大和市,向原六丁目,東大和市向原六丁目,9.257690811754555,36.0,538.0,0.0669144981412639,6.691449814126393,東大和市向原六丁目
13120015004,練馬区,貫井四丁目,練馬区貫井四丁目,8.284620332497063,63.0,947.0,0.0665258711721225,6.652587117212249,練馬区貫井四丁目
13206002001,府中市,朝日町一丁目,府中市朝日町一丁目,6.819406560660152,45.0,678.0,0.0663716814159292,6.637168141592921,府中市朝日町一丁目
13120021003,練馬区,高松三丁目,練馬区高松三丁目,8.250082810748454,153.0,2309.0,0.0662624512776093,6.626245127760935,練馬区高松三丁目
13229008004,西東京市,泉町四丁目,西東京市泉町四丁目,1.959918837852977,57.0,861.0,0.0662020905923344,6.620209059233449,西東京市泉町四丁目
13210001004,小金井市,東町四丁目,小金井市東町四丁目,3.765610424624094,72.0,1092.0,0.0659340659340659,6.593406593406594,小金井市東町四丁目
13222021002,東久留米市,野火止二丁目,東久留米市野火止二丁目,4.332605099567862,76.0,1159.0,0.0655737704918032,6.557377049180328,東久留米市野火止二丁目
131200350,練馬区,上石神井南町,練馬区上石神井南町,5.189874978883082,103.0,1580.0,0.0651898734177215,6.518987341772152,練馬区上石神井南町
13211013003,小平市,学園西町三丁目,小平市学園西町三丁目,5.816572831179262,167.0,2573.0,0.0649047804119704,6.490478041197047,小平市学園西町三丁目
13213011003,東村山市,多摩湖町三丁目,東村山市多摩湖町三丁目,9.48951664198922,51.0,799.0,0.0638297872340425,6.382978723404255,東村山市多摩湖町三丁目
13115028005,杉並区,下井草五丁目,杉並区下井草五丁目,6.987676719298131,68.0,1079.0,0.0630213160333642,6.302131603336422,杉並区下井草五丁目
13221009001,清瀬市,松山一丁目,清瀬市松山一丁目,4.81146072160932,165.0,2636.0,0.0625948406676783,6.25948406676783,清瀬市松山一丁目
13210004005,小金井市,緑町五丁目,小金井市緑町五丁目,3.699096197653106,70.0,1125.0,0.0622222222222222,6.222222222222222,小金井市緑町五丁目
13213010001,東村山市,廻田町一丁目,東村山市廻田町一丁目,8.228049075430457,77.0,1247.0,0.061748195669607,6.174819566960705,東村山市廻田町一丁目
13213009002,東村山市,美住町二丁目,東村山市美住町二丁目,7.662934027311273,92.0,1504.0,0.0611702127659574,6.117021276595745,東村山市美住町二丁目
13115031003,杉並区,松庵三丁目,杉並区松庵三丁目,6.075693618549397,65.0,1074.0,0.0605214152700186,6.052141527001862,杉並区松庵三丁目
13120034001,練馬区,上石神井一丁目,練馬区上石神井一丁目,4.6985069120529515,146.0,2432.0,0.0600328947368421,6.003289473684211,練馬区上石神井一丁目
13206004001,府中市,白糸台一丁目,府中市白糸台一丁目,7.373024732507124,45.0,758.0,0.0593667546174142,5.936675461741425,府中市白糸台一丁目
13213001002,東村山市,本町二丁目,東村山市本町二丁目,7.311946744733992,86.0,1460.0,0.0589041095890411,5.89041095890411,東村山市本町二丁目
13120045004,練馬区,大泉町四丁目,練馬区大泉町四丁目,6.401681400434129,79.0,1344.0,0.0587797619047619,5.877976190476191,練馬区大泉町四丁目
13120033007,練馬区,石神井台七丁目,練馬区石神井台七丁目,3.6723094893419432,67.0,1180.0,0.0567796610169491,5.677966101694915,練馬区石神井台七丁目
13120041001,練馬区,東大泉一丁目,練馬区東大泉一丁目,5.191679966656143,160.0,2842.0,0.0562983814215341,5.629838142153413,練馬区東大泉一丁目
13120032008,練馬区,石神井町八丁目,練馬区石神井町八丁目,5.820196796387965,179.0,3194.0,0.0560425798371947,5.604257983719474,練馬区石神井町八丁目
13213007002,東村山市,栄町二丁目,東村山市栄町二丁目,6.518715881795549,180.0,3245.0,0.0554699537750385,5.546995377503852,東村山市栄町二丁目
13208010002,調布市,多摩川二丁目,調布市多摩川二丁目,9.2134337417891,67.0,1218.0,0.0550082101806239,5.500821018062398,調布市多摩川二丁目
13114017001,中野区,白鷺一丁目,中野区白鷺一丁目,9.072736401536645,42.0,770.0,0.0545454545454545,5.454545454545454,中野区白鷺一丁目
13115021004,杉並区,上荻四丁目,杉並区上荻四丁目,6.308386905611269,63.0,1161.0,0.0542635658914728,5.426356589147287,杉並区上荻四丁目
13213010004,東村山市,廻田町四丁目,東村山市廻田町四丁目,8.530509215904575,63.0,1196.0,0.0526755852842809,5.2675585284280935,東村山市廻田町四丁目
13229022004,西東京市,向台町四丁目,西東京市向台町四丁目,1.1805217003045363,886.0,16974.0,0.0521974784965241,5.21974784965241,西東京市向台町四丁目
13208015001,調布市,西つつじケ丘一丁目,調布市西つつじケ丘一丁目,8.164587570157893,62.0,1193.0,0.0519698239731768,5.1969823973176865,調布市西つつじケ丘一丁目
13204008002,三鷹市,井口二丁目,三鷹市井口二丁目,4.7269148815750865,65.0,1265.0,0.0513833992094861,5.138339920948617,三鷹市井口二丁目
13222011003,東久留米市,本町三丁目,東久留米市本町三丁目,3.363778512963196,96.0,1886.0,0.0509013785790031,5.090137857900318,東久留米市本町三丁目
132110081,小平市,小川東町,小平市小川東町,5.525412305645531,62.0,1229.0,0.0504475183075671,5.044751830756713,小平市小川東町
13213003003,東村山市,秋津町三丁目,東村山市秋津町三丁目,7.329371285865645,129.0,2562.0,0.050351288056206,5.035128805620609,東村山市秋津町三丁目
13208004003,調布市,下石原三丁目,調布市下石原三丁目,8.753902290134237,153.0,3069.0,0.0498533724340175,4.9853372434017595,調布市下石原三丁目
13115033004,杉並区,久我山四丁目,杉並区久我山四丁目,6.551068117816147,94.0,1887.0,0.0498145204027557,4.9814520402755695,杉並区久我山四丁目
13120015005,練馬区,貫井五丁目,練馬区貫井五丁目,8.6670754144812,52.0,1062.0,0.0489642184557438,4.8964218455743875,練馬区貫井五丁目
13213001004,東村山市,本町四丁目,東村山市本町四丁目,6.582806217797327,168.0,3516.0,0.0477815699658703,4.778156996587031,東村山市本町四丁目
13204007004,三鷹市,上連雀四丁目,三鷹市上連雀四丁目,4.084695302268878,55.0,1172.0,0.0469283276450511,4.692832764505119,三鷹市上連雀四丁目
13222022002,東久留米市,八幡町二丁目,東久留米市八幡町二丁目,3.5709067922104847,48.0,1034.0,0.04642166344294,4.642166344294004,東久留米市八幡町二丁目
13222008002,東久留米市,浅間町二丁目,東久留米市浅間町二丁目,3.302597264530827,57.0,1256.0,0.0453821656050955,4.538216560509554,東久留米市浅間町二丁目
13120043004,練馬区,西大泉四丁目,練馬区西大泉四丁目,5.017396657583994,47.0,1046.0,0.0449330783938814,4.493307839388145,練馬区西大泉四丁目
13213013002,東村山市,野口町二丁目,東村山市野口町二丁目,7.914457278258506,55.0,1227.0,0.0448247758761206,4.4824775876120615,東村山市野口町二丁目
13204007006,三鷹市,上連雀六丁目,三鷹市上連雀六丁目,4.617530063941294,86.0,2102.0,0.0409134157944814,4.0913415794481445,三鷹市上連雀六丁目
13222014003,東久留米市,中央町三丁目,東久留米市中央町三丁目,2.796502734494466,55.0,1369.0,0.0401753104455807,4.017531044558072,東久留米市中央町三丁目
13222007001,東久留米市,新川町一丁目,東久留米市新川町一丁目,3.3875676815048137,45.0,1133.0,0.0397175639894086,3.971756398940865,東久留米市新川町一丁目
13213006002,東村山市,萩山町二丁目,東村山市萩山町二丁目,5.568682507121,200.0,5281.0,0.0378716152243893,3.787161522438932,東村山市萩山町二丁目
13204007008,三鷹市,上連雀八丁目,三鷹市上連雀八丁目,5.120071662370326,45.0,1206.0,0.0373134328358208,3.731343283582089,三鷹市上連雀八丁目
13115034003,杉並区,高井戸東三丁目,杉並区高井戸東三丁目,8.881788038716913,70.0,1884.0,0.0371549893842887,3.715498938428875,杉並区高井戸東三丁目
13221011002,清瀬市,梅園二丁目,清瀬市梅園二丁目,5.693514582023835,75.0,2028.0,0.03698224852071,3.698224852071006,清瀬市梅園二丁目
13221010003,清瀬市,竹丘三丁目,清瀬市竹丘三丁目,5.1057667927910995,150.0,4147.0,0.0361707258258982,3.617072582589824,清瀬市竹丘三丁目
13222003002,東久留米市,金山町二丁目,東久留米市金山町二丁目,4.2625933770419255,72.0,1997.0,0.0360540811216825,3.6054081121682526,東久留米市金山町二丁目
13213002002,東村山市,久米川町二丁目,東村山市久米川町二丁目,6.680628373201633,91.0,2531.0,0.0359541683129197,3.5954168312919794,東村山市久米川町二丁目
13120015003,練馬区,貫井三丁目,練馬区貫井三丁目,8.125750681722982,89.0,2510.0,0.0354581673306772,3.545816733067729,練馬区貫井三丁目
13211008204,小平市,小川東町四丁目,小平市小川東町四丁目,5.801677022165593,55.0,1583.0,0.0347441566645609,3.474415666456096,小平市小川東町四丁目
13222011004,東久留米市,本町四丁目,東久留米市本町四丁目,3.051465259139575,37.0,1065.0,0.0347417840375586,3.4741784037558685,東久留米市本町四丁目
13213005004,東村山市,恩多町四丁目,東村山市恩多町四丁目,6.317217147440441,79.0,2292.0,0.0344677137870855,3.446771378708551,東村山市恩多町四丁目
13120045002,練馬区,大泉町二丁目,練馬区大泉町二丁目,6.864265448146943,78.0,2304.0,0.0338541666666666,3.3854166666666665,練馬区大泉町二丁目
13213006003,東村山市,萩山町三丁目,東村山市萩山町三丁目,6.236738073808666,225.0,6705.0,0.0335570469798657,3.3557046979865772,東村山市萩山町三丁目
13206010001,府中市,新町一丁目,府中市新町一丁目,6.605605246184506,42.0,1261.0,0.0333068992862807,3.330689928628073,府中市新町一丁目
13115030003,杉並区,善福寺三丁目,杉並区善福寺三丁目,4.874413129264836,50.0,1514.0,0.0330250990752972,3.302509907529723,杉並区善福寺三丁目
13115030001,杉並区,善福寺一丁目,杉並区善福寺一丁目,5.578605028553081,58.0,1795.0,0.0323119777158774,3.231197771587744,杉並区善福寺一丁目
13120041006,練馬区,東大泉六丁目,練馬区東大泉六丁目,4.3795327955773455,83.0,2582.0,0.0321456235476374,3.214562354763749,練馬区東大泉六丁目
13220007004,東大和市,狭山四丁目,東大和市狭山四丁目,9.243476642044843,38.0,1197.0,0.0317460317460317,3.1746031746031744,東大和市狭山四丁目
13115029002,杉並区,上井草二丁目,杉並区上井草二丁目,6.270863227749281,115.0,3676.0,0.0312840043525571,3.1284004352557124,杉並区上井草二丁目
13115023004,杉並区,西荻北四丁目,杉並区西荻北四丁目,5.653328814797468,56.0,1791.0,0.0312674483528754,3.126744835287549,杉並区西荻北四丁目
13213005002,東村山市,恩多町二丁目,東村山市恩多町二丁目,5.443217961327518,116.0,3744.0,0.0309829059829059,3.0982905982905984,東村山市恩多町二丁目
13204001009,三鷹市,下連雀九丁目,三鷹市下連雀九丁目,5.298439145758811,78.0,2524.0,0.0309033280507131,3.0903328050713155,三鷹市下連雀九丁目
13213002003,東村山市,久米川町三丁目,東村山市久米川町三丁目,6.801897321926203,49.0,1611.0,0.0304158907510862,3.0415890751086283,東村山市久米川町三丁目
13203002004,武蔵野市,吉祥寺南町四丁目,武蔵野市吉祥寺南町四丁目,5.617419897194755,124.0,4109.0,0.030177658797761,3.017765879776101,武蔵野市吉祥寺南町四丁目
13120032003,練馬区,石神井町三丁目,練馬区石神井町三丁目,6.1643679871709045,47.0,1629.0,0.0288520564763658,2.8852056476365866,練馬区石神井町三丁目
13120046008,練馬区,大泉学園町八丁目,練馬区大泉学園町八丁目,6.937125718113356,48.0,1685.0,0.0284866468842729,2.8486646884272995,練馬区大泉学園町八丁目
13115023003,杉並区,西荻北三丁目,杉並区西荻北三丁目,6.02580950645399,66.0,2344.0,0.0281569965870307,2.8156996587030716,杉並区西荻北三丁目
13115032005,杉並区,宮前五丁目,杉並区宮前五丁目,6.777052477526235,70.0,2702.0,0.0259067357512953,2.5906735751295336,杉並区宮前五丁目
13120032007,練馬区,石神井町七丁目,練馬区石神井町七丁目,5.5862021313664725,51.0,1969.0,0.0259014728288471,2.590147282884713,練馬区石神井町七丁目
13213003002,東村山市,秋津町二丁目,東村山市秋津町二丁目,6.540922066248945,36.0,1417.0,0.0254057868736767,2.5405786873676783,東村山市秋津町二丁目
13213002004,東村山市,久米川町四丁目,東村山市久米川町四丁目,7.236699976338888,44.0,1802.0,0.0244173140954495,2.4417314095449503,東村山市久米川町四丁目
13221006005,清瀬市,旭が丘五丁目,清瀬市旭が丘五丁目,7.552692155939099,48.0,2043.0,0.0234948604992657,2.3494860499265786,清瀬市旭が丘五丁目
13204007007,三鷹市,上連雀七丁目,三鷹市上連雀七丁目,4.418968032375872,66.0,2845.0,0.0231985940246045,2.3198594024604566,三鷹市上連雀七丁目
13211008203,小平市,小川東町三丁目,小平市小川東町三丁目,6.3010553691397755,35.0,1519.0,0.0230414746543778,2.3041474654377883,小平市小川東町三丁目
13213013004,東村山市,野口町四丁目,東村山市野口町四丁目,8.016888308791968,28.0,1249.0,0.0224179343474779,2.241793434747798,東村山市野口町四丁目
13120036006,練馬区,下石神井六丁目,練馬区下石神井六丁目,5.855059619110674,47.0,2125.0,0.0221176470588235,2.211764705882353,練馬区下石神井六丁目
13221007003,清瀬市,中里三丁目,清瀬市中里三丁目,6.19574316079445,59.0,2715.0,0.0217311233885819,2.173112338858195,清瀬市中里三丁目
13211013001,小平市,学園西町一丁目,小平市学園西町一丁目,5.770760017411703,110.0,5686.0,0.0193457615195216,1.9345761519521631,小平市学園西町一丁目
13221010001,清瀬市,竹丘一丁目,清瀬市竹丘一丁目,4.900689700997493,77.0,4153.0,0.0185408138694919,1.8540813869491932,清瀬市竹丘一丁目
13120029001,練馬区,高野台一丁目,練馬区高野台一丁目,7.224912282976474,89.0,4889.0,0.0182041317242789,1.8204131724278991,練馬区高野台一丁目
13221009003,清瀬市,松山三丁目,清瀬市松山三丁目,4.9584109257755555,40.0,2285.0,0.0175054704595186,1.75054704595186,清瀬市松山三丁目
13213005001,東村山市,恩多町一丁目,東村山市恩多町一丁目,5.153579775457245,42.0,2455.0,0.0171079429735234,1.7107942973523422,東村山市恩多町一丁目
13221002002,清瀬市,元町二丁目,清瀬市元町二丁目,5.583904592608266,61.0,3658.0,0.01667577911427,1.667577911427009,清瀬市元町二丁目
13221007006,清瀬市,中里六丁目,清瀬市中里六丁目,6.887576670519267,37.0,2269.0,0.0163067430586161,1.630674305861613,清瀬市中里六丁目
13213004001,東村山市,青葉町一丁目,東村山市青葉町一丁目,5.225661898588237,136.0,8698.0,0.0156357783398482,1.563577833984824,東村山市青葉町一丁目
13120033002,練馬区,石神井台二丁目,練馬区石神井台二丁目,4.826074632421444,54.0,3521.0,0.0153365521158761,1.5336552115876172,練馬区石神井台二丁目
13120028003,練馬区,南田中三丁目,練馬区南田中三丁目,7.17630406152529,44.0,2906.0,0.0151410874053682,1.5141087405368203,練馬区南田中三丁目
13213005005,東村山市,恩多町五丁目,東村山市恩多町五丁目,5.683189385684084,36.0,2522.0,0.014274385408406,1.4274385408406027,東村山市恩多町五丁目
13213002001,東村山市,久米川町一丁目,東村山市久米川町一丁目,6.722834261505709,47.0,3378.0,0.0139135583185316,1.3913558318531676,東村山市久米川町一丁目
13229001005,西東京市,新町五丁目,西東京市新町五丁目,1.8149804659185296,62.0,4514.0,0.0137350465219317,1.3735046521931769,西東京市新町五丁目
13213007003,東村山市,栄町三丁目,東村山市栄町三丁目,6.8020869041891725,102.0,8021.0,0.0127166188754519,1.271661887545194,東村山市栄町三丁目
13213004003,東村山市,青葉町三丁目,東村山市青葉町三丁目,5.924769705036082,55.0,4336.0,0.0126845018450184,1.268450184501845,東村山市青葉町三丁目
13204007005,三鷹市,上連雀五丁目,三鷹市上連雀五丁目,3.8530786784977273,42.0,3327.0,0.0126239855725879,1.2623985572587917,三鷹市上連雀五丁目
13221010002,清瀬市,竹丘二丁目,清瀬市竹丘二丁目,4.714151099583776,76.0,6426.0,0.0118269530034235,1.1826953003423593,清瀬市竹丘二丁目
13213008001,東村山市,富士見町一丁目,東村山市富士見町一丁目,7.375738752056867,46.0,5567.0,0.0082629782647745,0.8262978264774564,東村山市富士見町一丁目
13208005002,調布市,小島町二丁目,調布市小島町二丁目,8.724422657979616,41.0,6958.0,0.0058924978442081,0.5892497844208106,調布市小島町二丁目
13222019006,東久留米市,下里六丁目,東久留米市下里六丁目,4.860233956536782,0.0,1438.0,0.0,0.0,東久留米市下里六丁目
13222018007,東久留米市,滝山七丁目,東久留米市滝山七丁目,3.7556408163910815,0.0,980.0,0.0,0.0,東久留米市滝山七丁目
13221007002,清瀬市,中里二丁目,清瀬市中里二丁目,6.40105673486657,0.0,1217.0,0.0,0.0,清瀬市中里二丁目
13221007001,清瀬市,中里一丁目,清瀬市中里一丁目,5.979413187749371,0.0,1428.0,0.0,0.0,清瀬市中里一丁目
13221006006,清瀬市,旭が丘六丁目,清瀬市旭が丘六丁目,7.954657502626166,0.0,469.0,0.0,0.0,清瀬市旭が丘六丁目
13221006004,清瀬市,旭が丘四丁目,清瀬市旭が丘四丁目,7.716233432736362,0.0,104.0,0.0,0.0,清瀬市旭が丘四丁目
13213008003,東村山市,富士見町三丁目,東村山市富士見町三丁目,8.007778577980533,0.0,2432.0,0.0,0.0,東村山市富士見町三丁目
13213008004,東村山市,富士見町四丁目,東村山市富士見町四丁目,8.372263604345767,0.0,1602.0,0.0,0.0,東村山市富士見町四丁目
13213008005,東村山市,富士見町五丁目,東村山市富士見町五丁目,7.429560500365576,0.0,790.0,0.0,0.0,東村山市富士見町五丁目
13213009001,東村山市,美住町一丁目,東村山市美住町一丁目,7.340688790114711,0.0,7636.0,0.0,0.0,東村山市美住町一丁目
13221006003,清瀬市,旭が丘三丁目,清瀬市旭が丘三丁目,7.458873042369238,0.0,290.0,0.0,0.0,清瀬市旭が丘三丁目
13221006002,清瀬市,旭が丘二丁目,清瀬市旭が丘二丁目,7.222357224674744,0.0,5624.0,0.0,0.0,清瀬市旭が丘二丁目
13229006002,西東京市,中町二丁目,西東京市中町二丁目,2.44984462000472,0.0,467.0,0.0,0.0,西東京市中町二丁目
13221006001,清瀬市,旭が丘一丁目,清瀬市旭が丘一丁目,6.891209699174645,0.0,3447.0,0.0,0.0,清瀬市旭が丘一丁目
13221005003,清瀬市,下宿三丁目,清瀬市下宿三丁目,8.195861701793211,0.0,892.0,0.0,0.0,清瀬市下宿三丁目
13213010002,東村山市,廻田町二丁目,東村山市廻田町二丁目,8.610616974285806,0.0,878.0,0.0,0.0,東村山市廻田町二丁目
13213010003,東村山市,廻田町三丁目,東村山市廻田町三丁目,8.90225595788651,0.0,255.0,0.0,0.0,東村山市廻田町三丁目
13221005002,清瀬市,下宿二丁目,清瀬市下宿二丁目,7.6638591105116065,0.0,1390.0,0.0,0.0,清瀬市下宿二丁目
13221005001,清瀬市,下宿一丁目,清瀬市下宿一丁目,7.227226215724482,0.0,2892.0,0.0,0.0,清瀬市下宿一丁目
13221004005,清瀬市,下清戸五丁目,清瀬市下清戸五丁目,6.516609833472627,0.0,169.0,0.0,0.0,清瀬市下清戸五丁目
13213005003,東村山市,恩多町三丁目,東村山市恩多町三丁目,5.870034167247775,0.0,1919.0,0.0,0.0,東村山市恩多町三丁目
13221004004,清瀬市,下清戸四丁目,清瀬市下清戸四丁目,6.454143233960534,0.0,913.0,0.0,0.0,清瀬市下清戸四丁目
13221004003,清瀬市,下清戸三丁目,清瀬市下清戸三丁目,5.973086762363095,0.0,234.0,0.0,0.0,清瀬市下清戸三丁目
13229001004,西東京市,新町四丁目,西東京市新町四丁目,1.8659270572104372,0.0,1444.0,0.0,0.0,西東京市新町四丁目
13222021003,東久留米市,野火止三丁目,東久留米市野火止三丁目,4.447804679408414,0.0,1093.0,0.0,0.0,東久留米市野火止三丁目
13221007004,清瀬市,中里四丁目,清瀬市中里四丁目,6.622623965176527,0.0,1887.0,0.0,0.0,清瀬市中里四丁目
13222020002,東久留米市,柳窪二丁目,東久留米市柳窪二丁目,4.360820945222182,0.0,1084.0,0.0,0.0,東久留米市柳窪二丁目
13222018001,東久留米市,滝山一丁目,東久留米市滝山一丁目,3.262002896999531,0.0,400.0,0.0,0.0,東久留米市滝山一丁目
13222015002,東久留米市,南沢二丁目,東久留米市南沢二丁目,2.380149836813347,0.0,803.0,0.0,0.0,東久留米市南沢二丁目
13222013003,東久留米市,幸町三丁目,東久留米市幸町三丁目,3.5299004799019347,0.0,963.0,0.0,0.0,東久留米市幸町三丁目
13222013002,東久留米市,幸町二丁目,東久留米市幸町二丁目,3.804347742572854,0.0,416.0,0.0,0.0,東久留米市幸町二丁目
13222012005,東久留米市,小山五丁目,東久留米市小山五丁目,4.311230099839897,0.0,979.0,0.0,0.0,東久留米市小山五丁目
13222012004,東久留米市,小山四丁目,東久留米市小山四丁目,4.1506199141848406,0.0,504.0,0.0,0.0,東久留米市小山四丁目
13213004004,東村山市,青葉町四丁目,東村山市青葉町四丁目,5.510670434919905,0.0,460.0,0.0,0.0,東村山市青葉町四丁目
13222008001,東久留米市,浅間町一丁目,東久留米市浅間町一丁目,3.04186468735656,0.0,955.0,0.0,0.0,東久留米市浅間町一丁目
13222007002,東久留米市,新川町二丁目,東久留米市新川町二丁目,3.5151584646197565,0.0,78.0,0.0,0.0,東久留米市新川町二丁目
13222004001,東久留米市,氷川台一丁目,東久留米市氷川台一丁目,4.018856392199801,0.0,851.0,0.0,0.0,東久留米市氷川台一丁目
13222002001,東久留米市,神宝町一丁目,東久留米市神宝町一丁目,3.980354390140342,0.0,223.0,0.0,0.0,東久留米市神宝町一丁目
13222001001,東久留米市,上の原一丁目,東久留米市上の原一丁目,4.544395672360787,0.0,849.0,0.0,0.0,東久留米市上の原一丁目
13221007005,清瀬市,中里五丁目,清瀬市中里五丁目,6.526317090194331,0.0,3706.0,0.0,0.0,清瀬市中里五丁目
13221011003,清瀬市,梅園三丁目,清瀬市梅園三丁目,5.80452769033311,0.0,2288.0,0.0,0.0,清瀬市梅園三丁目
13221011001,清瀬市,梅園一丁目,清瀬市梅園一丁目,5.488510545910387,0.0,265.0,0.0,0.0,清瀬市梅園一丁目
13221003004,清瀬市,中清戸四丁目,清瀬市中清戸四丁目,6.11439672402017,0.0,2735.0,0.0,0.0,清瀬市中清戸四丁目
13222020003,東久留米市,柳窪三丁目,東久留米市柳窪三丁目,4.689418045455178,0.0,122.0,0.0,0.0,東久留米市柳窪三丁目
13222020005,東久留米市,柳窪五丁目,東久留米市柳窪五丁目,4.784351973872066,0.0,274.0,0.0,0.0,東久留米市柳窪五丁目
13221009002,清瀬市,松山二丁目,清瀬市松山二丁目,5.192818601179819,0.0,2698.0,0.0,0.0,清瀬市松山二丁目
13221008005,清瀬市,野塩五丁目,清瀬市野塩五丁目,6.300754537767719,0.0,1464.0,0.0,0.0,清瀬市野塩五丁目
13221008004,清瀬市,野塩四丁目,清瀬市野塩四丁目,5.9392102946539564,0.0,1632.0,0.0,0.0,清瀬市野塩四丁目
13221008003,清瀬市,野塩三丁目,清瀬市野塩三丁目,5.9704724297554,0.0,1235.0,0.0,0.0,清瀬市野塩三丁目
13221008001,清瀬市,野塩一丁目,清瀬市野塩一丁目,6.379757218794912,0.0,2014.0,0.0,0.0,清瀬市野塩一丁目
13221004001,清瀬市,下清戸一丁目,清瀬市下清戸一丁目,5.671926629022629,0.0,1889.0,0.0,0.0,清瀬市下清戸一丁目
13221003003,清瀬市,中清戸三丁目,清瀬市中清戸三丁目,5.313262165776655,0.0,1676.0,0.0,0.0,清瀬市中清戸三丁目
13214007002,国分寺市,東恋ケ窪二丁目,国分寺市東恋ケ窪二丁目,6.239303991308109,0.0,137.0,0.0,0.0,国分寺市東恋ケ窪二丁目
13214007001,国分寺市,東恋ケ窪一丁目,国分寺市東恋ケ窪一丁目,6.563974326268436,0.0,52.0,0.0,0.0,国分寺市東恋ケ窪一丁目
13214006005,国分寺市,本多五丁目,国分寺市本多五丁目,5.495691450705602,0.0,819.0,0.0,0.0,国分寺市本多五丁目
13220004005,東大和市,奈良橋五丁目,東大和市奈良橋五丁目,10.13289002998283,0.0,31.0,0.0,0.0,東大和市奈良橋五丁目
13214006004,国分寺市,本多四丁目,国分寺市本多四丁目,5.567536412800155,0.0,105.0,0.0,0.0,国分寺市本多四丁目
13220004006,東大和市,奈良橋六丁目,東大和市奈良橋六丁目,10.502708139206446,0.0,307.0,0.0,0.0,東大和市奈良橋六丁目
13214006003,国分寺市,本多三丁目,国分寺市本多三丁目,5.707182852779583,0.0,736.0,0.0,0.0,国分寺市本多三丁目
13220005003,東大和市,湖畔三丁目,東大和市湖畔三丁目,10.113466980682128,0.0,42.0,0.0,0.0,東大和市湖畔三丁目
13220006001,東大和市,高木一丁目,東大和市高木一丁目,9.795202305431047,0.0,128.0,0.0,0.0,東大和市高木一丁目
13220006002,東大和市,高木二丁目,東大和市高木二丁目,9.63532907736501,0.0,491.0,0.0,0.0,東大和市高木二丁目
13214005004,国分寺市,本町四丁目,国分寺市本町四丁目,6.316700779228652,0.0,893.0,0.0,0.0,国分寺市本町四丁目
13214005003,国分寺市,本町三丁目,国分寺市本町三丁目,6.1274280996155905,0.0,421.0,0.0,0.0,国分寺市本町三丁目
13220007002,東大和市,狭山二丁目,東大和市狭山二丁目,9.58354088429648,0.0,230.0,0.0,0.0,東大和市狭山二丁目
13214007003,国分寺市,東恋ケ窪三丁目,国分寺市東恋ケ窪三丁目,6.544568973184229,0.0,409.0,0.0,0.0,国分寺市東恋ケ窪三丁目
13214007004,国分寺市,東恋ケ窪四丁目,国分寺市東恋ケ窪四丁目,6.668436054263551,0.0,473.0,0.0,0.0,国分寺市東恋ケ窪四丁目
13214007005,国分寺市,東恋ケ窪五丁目,国分寺市東恋ケ窪五丁目,6.8520658472984755,0.0,192.0,0.0,0.0,国分寺市東恋ケ窪五丁目
13214010002,国分寺市,戸倉二丁目,国分寺市戸倉二丁目,7.782124116109454,0.0,147.0,0.0,0.0,国分寺市戸倉二丁目
13214016001,国分寺市,北町一丁目,国分寺市北町一丁目,7.411345242435771,0.0,64.0,0.0,0.0,国分寺市北町一丁目
13214015001,国分寺市,並木町一丁目,国分寺市並木町一丁目,7.449254537605424,0.0,310.0,0.0,0.0,国分寺市並木町一丁目
13214014001,国分寺市,新町一丁目,国分寺市新町一丁目,8.01586694954347,0.0,297.0,0.0,0.0,国分寺市新町一丁目
13214011004,国分寺市,日吉町四丁目,国分寺市日吉町四丁目,7.458032302028714,0.0,237.0,0.0,0.0,国分寺市日吉町四丁目
13214010004,国分寺市,戸倉四丁目,国分寺市戸倉四丁目,7.710614560615947,0.0,53.0,0.0,0.0,国分寺市戸倉四丁目
13214010001,国分寺市,戸倉一丁目,国分寺市戸倉一丁目,7.286676340896016,0.0,195.0,0.0,0.0,国分寺市戸倉一丁目
13214007006,国分寺市,東恋ケ窪六丁目,国分寺市東恋ケ窪六丁目,6.429121185180294,0.0,362.0,0.0,0.0,国分寺市東恋ケ窪六丁目
13214009002,国分寺市,東戸倉二丁目,国分寺市東戸倉二丁目,6.951671309017103,0.0,342.0,0.0,0.0,国分寺市東戸倉二丁目
13214009001,国分寺市,東戸倉一丁目,国分寺市東戸倉一丁目,6.579855892722391,0.0,164.0,0.0,0.0,国分寺市東戸倉一丁目
13214008004,国分寺市,西恋ケ窪四丁目,国分寺市西恋ケ窪四丁目,7.074447752356711,0.0,1034.0,0.0,0.0,国分寺市西恋ケ窪四丁目
13214008002,国分寺市,西恋ケ窪二丁目,国分寺市西恋ケ窪二丁目,7.448640123479642,0.0,76.0,0.0,0.0,国分寺市西恋ケ窪二丁目
13220004003,東大和市,奈良橋三丁目,東大和市奈良橋三丁目,10.14492181828979,0.0,194.0,0.0,0.0,東大和市奈良橋三丁目
13214004003,国分寺市,泉町三丁目,国分寺市泉町三丁目,7.558078069403619,0.0,221.0,0.0,0.0,国分寺市泉町三丁目
13214016004,国分寺市,北町四丁目,国分寺市北町四丁目,8.213146302238068,0.0,44.0,0.0,0.0,国分寺市北町四丁目
13220007003,東大和市,狭山三丁目,東大和市狭山三丁目,9.720205969456376,0.0,234.0,0.0,0.0,東大和市狭山三丁目
13214001002,国分寺市,東元町二丁目,国分寺市東元町二丁目,6.452797287846597,0.0,228.0,0.0,0.0,国分寺市東元町二丁目
13214001001,国分寺市,東元町一丁目,国分寺市東元町一丁目,6.041085402860868,0.0,319.0,0.0,0.0,国分寺市東元町一丁目
13220015002,東大和市,向原二丁目,東大和市向原二丁目,9.091788823199924,0.0,32.0,0.0,0.0,東大和市向原二丁目
13220015003,東大和市,向原三丁目,東大和市向原三丁目,9.343191480854912,0.0,133.0,0.0,0.0,東大和市向原三丁目
13220015004,東大和市,向原四丁目,東大和市向原四丁目,8.702735856967255,0.0,129.0,0.0,0.0,東大和市向原四丁目
13213013003,東村山市,野口町三丁目,東村山市野口町三丁目,8.396993734973055,0.0,383.0,0.0,0.0,東村山市野口町三丁目
13220016001,東大和市,清原一丁目,東大和市清原一丁目,8.263032314230953,0.0,97.0,0.0,0.0,東大和市清原一丁目
13220016002,東大和市,清原二丁目,東大和市清原二丁目,8.559496362802813,0.0,463.0,0.0,0.0,東大和市清原二丁目
13220017002,東大和市,新堀二丁目,東大和市新堀二丁目,8.220590913768739,0.0,241.0,0.0,0.0,東大和市新堀二丁目
13213013001,東村山市,野口町一丁目,東村山市野口町一丁目,7.588697269855236,0.0,341.0,0.0,0.0,東村山市野口町一丁目
13220017003,東大和市,新堀三丁目,東大和市新堀三丁目,8.388621433080125,0.0,443.0,0.0,0.0,東大和市新堀三丁目
13221002001,清瀬市,元町一丁目,清瀬市元町一丁目,5.178466805384586,0.0,3730.0,0.0,0.0,清瀬市元町一丁目
13221003001,清瀬市,中清戸一丁目,清瀬市中清戸一丁目,5.267539159932394,0.0,1629.0,0.0,0.0,清瀬市中清戸一丁目
13213012001,東村山市,諏訪町一丁目,東村山市諏訪町一丁目,7.726435255107697,0.0,1292.0,0.0,0.0,東村山市諏訪町一丁目
13220015001,東大和市,向原一丁目,東大和市向原一丁目,8.816319637455189,0.0,82.0,0.0,0.0,東大和市向原一丁目
13220014004,東大和市,仲原四丁目,東大和市仲原四丁目,9.406516319454967,0.0,1021.0,0.0,0.0,東大和市仲原四丁目
13214001004,国分寺市,東元町四丁目,国分寺市東元町四丁目,6.960532531742812,0.0,245.0,0.0,0.0,国分寺市東元町四丁目
13220012002,東大和市,中央二丁目,東大和市中央二丁目,9.948105015583014,0.0,472.0,0.0,0.0,東大和市中央二丁目
13214004002,国分寺市,泉町二丁目,国分寺市泉町二丁目,7.140850078005727,0.0,138.0,0.0,0.0,国分寺市泉町二丁目
13214004001,国分寺市,泉町一丁目,国分寺市泉町一丁目,6.744092464294271,0.0,331.0,0.0,0.0,国分寺市泉町一丁目
13220008002,東大和市,清水二丁目,東大和市清水二丁目,8.847778358626165,0.0,189.0,0.0,0.0,東大和市清水二丁目
13220008003,東大和市,清水三丁目,東大和市清水三丁目,9.050445373676787,0.0,158.0,0.0,0.0,東大和市清水三丁目
13220008005,東大和市,清水五丁目,東大和市清水五丁目,8.861294485052204,0.0,209.0,0.0,0.0,東大和市清水五丁目
13220008006,東大和市,清水六丁目,東大和市清水六丁目,8.462436889833297,0.0,641.0,0.0,0.0,東大和市清水六丁目
13214003003,国分寺市,南町三丁目,国分寺市南町三丁目,6.444147750307038,0.0,60.0,0.0,0.0,国分寺市南町三丁目
13220012004,東大和市,中央四丁目,東大和市中央四丁目,10.189506529288098,0.0,187.0,0.0,0.0,東大和市中央四丁目
13220014001,東大和市,仲原一丁目,東大和市仲原一丁目,8.755036728993698,0.0,60.0,0.0,0.0,東大和市仲原一丁目
13214003002,国分寺市,南町二丁目,国分寺市南町二丁目,6.063965737540008,0.0,176.0,0.0,0.0,国分寺市南町二丁目
13214003001,国分寺市,南町一丁目,国分寺市南町一丁目,5.659990434719425,0.0,51.0,0.0,0.0,国分寺市南町一丁目
13220014003,東大和市,仲原三丁目,東大和市仲原三丁目,9.184740619796573,0.0,73.0,0.0,0.0,東大和市仲原三丁目
13221003002,清瀬市,中清戸二丁目,清瀬市中清戸二丁目,5.913980386109026,0.0,1378.0,0.0,0.0,清瀬市中清戸二丁目
13112059005,世田谷区,給田五丁目,世田谷区給田五丁目,7.628530923688435,0.0,446.0,0.0,0.0,世田谷区給田五丁目
13213004002,東村山市,青葉町二丁目,東村山市青葉町二丁目,5.871569407283428,0.0,6691.0,0.0,0.0,東村山市青葉町二丁目
13120026001,練馬区,土支田一丁目,練馬区土支田一丁目,8.042100265854161,0.0,604.0,0.0,0.0,練馬区土支田一丁目
13120032005,練馬区,石神井町五丁目,練馬区石神井町五丁目,5.88528614486137,0.0,832.0,0.0,0.0,練馬区石神井町五丁目
13120032006,練馬区,石神井町六丁目,練馬区石神井町六丁目,5.696866723814339,0.0,2102.0,0.0,0.0,練馬区石神井町六丁目
13120033001,練馬区,石神井台一丁目,練馬区石神井台一丁目,5.255520665902,0.0,488.0,0.0,0.0,練馬区石神井台一丁目
13120034003,練馬区,上石神井三丁目,練馬区上石神井三丁目,5.12214754500546,0.0,2660.0,0.0,0.0,練馬区上石神井三丁目
13120036001,練馬区,下石神井一丁目,練馬区下石神井一丁目,6.551749189006566,0.0,918.0,0.0,0.0,練馬区下石神井一丁目
13120036002,練馬区,下石神井二丁目,練馬区下石神井二丁目,6.156778134450465,0.0,1859.0,0.0,0.0,練馬区下石神井二丁目
13120036003,練馬区,下石神井三丁目,練馬区下石神井三丁目,6.2718912284114525,0.0,1347.0,0.0,0.0,練馬区下石神井三丁目
13120036004,練馬区,下石神井四丁目,練馬区下石神井四丁目,5.753696224623154,0.0,2163.0,0.0,0.0,練馬区下石神井四丁目
13120036005,練馬区,下石神井五丁目,練馬区下石神井五丁目,5.70731227440128,0.0,513.0,0.0,0.0,練馬区下石神井五丁目
131200370,練馬区,立野町,練馬区立野町,4.074715907884168,0.0,832.0,0.0,0.0,練馬区立野町
13120039003,練馬区,関町北三丁目,練馬区関町北三丁目,2.7997736169752696,0.0,1793.0,0.0,0.0,練馬区関町北三丁目
13120040001,練馬区,関町南一丁目,練馬区関町南一丁目,4.919175713415574,0.0,688.0,0.0,0.0,練馬区関町南一丁目
13120040003,練馬区,関町南三丁目,練馬区関町南三丁目,3.8948065628335047,0.0,1534.0,0.0,0.0,練馬区関町南三丁目
13120041002,練馬区,東大泉二丁目,練馬区東大泉二丁目,5.766728741906926,0.0,4390.0,0.0,0.0,練馬区東大泉二丁目
13120041004,練馬区,東大泉四丁目,練馬区東大泉四丁目,4.719544134044007,0.0,1071.0,0.0,0.0,練馬区東大泉四丁目
13120041005,練馬区,東大泉五丁目,練馬区東大泉五丁目,4.894406327908502,0.0,1937.0,0.0,0.0,練馬区東大泉五丁目
13120045001,練馬区,大泉町一丁目,練馬区大泉町一丁目,7.428095708625412,0.0,1234.0,0.0,0.0,練馬区大泉町一丁目
13120045003,練馬区,大泉町三丁目,練馬区大泉町三丁目,6.78907737809395,0.0,1230.0,0.0,0.0,練馬区大泉町三丁目
13120045005,練馬区,大泉町五丁目,練馬区大泉町五丁目,6.048975321439906,0.0,990.0,0.0,0.0,練馬区大泉町五丁目
13120032004,練馬区,石神井町四丁目,練馬区石神井町四丁目,6.197079378437241,0.0,2095.0,0.0,0.0,練馬区石神井町四丁目
13120032002,練馬区,石神井町二丁目,練馬区石神井町二丁目,6.504846496462799,0.0,3234.0,0.0,0.0,練馬区石神井町二丁目
13120031003,練馬区,三原台三丁目,練馬区三原台三丁目,6.169345979755536,0.0,1211.0,0.0,0.0,練馬区三原台三丁目
13120028005,練馬区,南田中五丁目,練馬区南田中五丁目,6.648238743783611,0.0,2239.0,0.0,0.0,練馬区南田中五丁目
13120026004,練馬区,土支田四丁目,練馬区土支田四丁目,7.980196896994194,0.0,899.0,0.0,0.0,練馬区土支田四丁目
13120027001,練馬区,富士見台一丁目,練馬区富士見台一丁目,7.598996590387856,0.0,2167.0,0.0,0.0,練馬区富士見台一丁目
13120027002,練馬区,富士見台二丁目,練馬区富士見台二丁目,7.642565904051018,0.0,2606.0,0.0,0.0,練馬区富士見台二丁目
13120027003,練馬区,富士見台三丁目,練馬区富士見台三丁目,7.656757916146331,0.0,3082.0,0.0,0.0,練馬区富士見台三丁目
13120027004,練馬区,富士見台四丁目,練馬区富士見台四丁目,7.72188938769128,0.0,2071.0,0.0,0.0,練馬区富士見台四丁目
13120028001,練馬区,南田中一丁目,練馬区南田中一丁目,7.20472946081413,0.0,1251.0,0.0,0.0,練馬区南田中一丁目
13120028002,練馬区,南田中二丁目,練馬区南田中二丁目,7.066253311242504,0.0,645.0,0.0,0.0,練馬区南田中二丁目
13120028004,練馬区,南田中四丁目,練馬区南田中四丁目,6.665441898665819,0.0,2397.0,0.0,0.0,練馬区南田中四丁目
13120029002,練馬区,高野台二丁目,練馬区高野台二丁目,7.6506341380845395,0.0,3010.0,0.0,0.0,練馬区高野台二丁目
13120031002,練馬区,三原台二丁目,練馬区三原台二丁目,6.686820879845338,0.0,560.0,0.0,0.0,練馬区三原台二丁目
13120029003,練馬区,高野台三丁目,練馬区高野台三丁目,6.948556479728087,0.0,8804.0,0.0,0.0,練馬区高野台三丁目
13120029004,練馬区,高野台四丁目,練馬区高野台四丁目,7.310018269277036,0.0,3309.0,0.0,0.0,練馬区高野台四丁目
13120029005,練馬区,高野台五丁目,練馬区高野台五丁目,6.8453635079828326,0.0,1893.0,0.0,0.0,練馬区高野台五丁目
13120030002,練馬区,谷原二丁目,練馬区谷原二丁目,7.346806229821779,0.0,1409.0,0.0,0.0,練馬区谷原二丁目
13120030003,練馬区,谷原三丁目,練馬区谷原三丁目,7.637653868467141,0.0,737.0,0.0,0.0,練馬区谷原三丁目
13120030004,練馬区,谷原四丁目,練馬区谷原四丁目,7.367396952245951,0.0,233.0,0.0,0.0,練馬区谷原四丁目
13120030006,練馬区,谷原六丁目,練馬区谷原六丁目,7.066782930653809,0.0,1305.0,0.0,0.0,練馬区谷原六丁目
13120031001,練馬区,三原台一丁目,練馬区三原台一丁目,6.481299462403356,0.0,2313.0,0.0,0.0,練馬区三原台一丁目
13120045006,練馬区,大泉町六丁目,練馬区大泉町六丁目,5.759981713740448,0.0,2281.0,0.0,0.0,練馬区大泉町六丁目
13120046001,練馬区,大泉学園町一丁目,練馬区大泉学園町一丁目,5.786126456325568,0.0,1487.0,0.0,0.0,練馬区大泉学園町一丁目
13120046003,練馬区,大泉学園町三丁目,練馬区大泉学園町三丁目,5.377288529996169,0.0,1816.0,0.0,0.0,練馬区大泉学園町三丁目
13204001002,三鷹市,下連雀二丁目,三鷹市下連雀二丁目,4.5298812679090155,0.0,1543.0,0.0,0.0,三鷹市下連雀二丁目
13203010005,武蔵野市,関前五丁目,武蔵野市関前五丁目,2.0513618916401866,0.0,1020.0,0.0,0.0,武蔵野市関前五丁目
13203011002,武蔵野市,境二丁目,武蔵野市境二丁目,2.829675056816392,0.0,325.0,0.0,0.0,武蔵野市境二丁目
13203011004,武蔵野市,境四丁目,武蔵野市境四丁目,2.395099235214051,0.0,474.0,0.0,0.0,武蔵野市境四丁目
13203011005,武蔵野市,境五丁目,武蔵野市境五丁目,2.8388162375547368,0.0,872.0,0.0,0.0,武蔵野市境五丁目
13203012002,武蔵野市,境南町二丁目,武蔵野市境南町二丁目,3.433699130892342,0.0,578.0,0.0,0.0,武蔵野市境南町二丁目
13203012003,武蔵野市,境南町三丁目,武蔵野市境南町三丁目,3.3339168121834506,0.0,310.0,0.0,0.0,武蔵野市境南町三丁目
13203013003,武蔵野市,桜堤三丁目,武蔵野市桜堤三丁目,1.9205900306845092,0.0,2193.0,0.0,0.0,武蔵野市桜堤三丁目
13204001001,三鷹市,下連雀一丁目,三鷹市下連雀一丁目,4.782149818566555,0.0,721.0,0.0,0.0,三鷹市下連雀一丁目
13204001004,三鷹市,下連雀四丁目,三鷹市下連雀四丁目,4.401291606714172,0.0,615.0,0.0,0.0,三鷹市下連雀四丁目
13203010001,武蔵野市,関前一丁目,武蔵野市関前一丁目,2.4521438995390006,0.0,57.0,0.0,0.0,武蔵野市関前一丁目
13204001005,三鷹市,下連雀五丁目,三鷹市下連雀五丁目,5.5241940504390605,0.0,114.0,0.0,0.0,三鷹市下連雀五丁目
13204002001,三鷹市,牟礼一丁目,三鷹市牟礼一丁目,6.777140574955558,0.0,891.0,0.0,0.0,三鷹市牟礼一丁目
13204002002,三鷹市,牟礼二丁目,三鷹市牟礼二丁目,6.356429654856719,0.0,234.0,0.0,0.0,三鷹市牟礼二丁目
13204002003,三鷹市,牟礼三丁目,三鷹市牟礼三丁目,5.901364376770237,0.0,471.0,0.0,0.0,三鷹市牟礼三丁目
13204002004,三鷹市,牟礼四丁目,三鷹市牟礼四丁目,5.360755105968063,0.0,499.0,0.0,0.0,三鷹市牟礼四丁目
13204002006,三鷹市,牟礼六丁目,三鷹市牟礼六丁目,5.730552725236074,0.0,364.0,0.0,0.0,三鷹市牟礼六丁目
13204002007,三鷹市,牟礼七丁目,三鷹市牟礼七丁目,6.112213605747347,0.0,141.0,0.0,0.0,三鷹市牟礼七丁目
13204003001,三鷹市,井の頭一丁目,三鷹市井の頭一丁目,6.419389622495799,0.0,1927.0,0.0,0.0,三鷹市井の頭一丁目
13203010003,武蔵野市,関前三丁目,武蔵野市関前三丁目,2.196383561698019,0.0,503.0,0.0,0.0,武蔵野市関前三丁目
13120046005,練馬区,大泉学園町五丁目,練馬区大泉学園町五丁目,5.649454909217207,0.0,1157.0,0.0,0.0,練馬区大泉学園町五丁目
13203003001,武蔵野市,御殿山一丁目,武蔵野市御殿山一丁目,4.418061770012681,0.0,375.0,0.0,0.0,武蔵野市御殿山一丁目
13120046007,練馬区,大泉学園町七丁目,練馬区大泉学園町七丁目,6.5767625763266215,0.0,790.0,0.0,0.0,練馬区大泉学園町七丁目
13203001001,武蔵野市,吉祥寺東町一丁目,武蔵野市吉祥寺東町一丁目,4.810717545366055,0.0,1092.0,0.0,0.0,武蔵野市吉祥寺東町一丁目
13203001002,武蔵野市,吉祥寺東町二丁目,武蔵野市吉祥寺東町二丁目,4.666541231227464,0.0,1114.0,0.0,0.0,武蔵野市吉祥寺東町二丁目
13203001003,武蔵野市,吉祥寺東町三丁目,武蔵野市吉祥寺東町三丁目,5.250430730436293,0.0,717.0,0.0,0.0,武蔵野市吉祥寺東町三丁目
13203002001,武蔵野市,吉祥寺南町一丁目,武蔵野市吉祥寺南町一丁目,4.938019704243885,0.0,518.0,0.0,0.0,武蔵野市吉祥寺南町一丁目
13203002002,武蔵野市,吉祥寺南町二丁目,武蔵野市吉祥寺南町二丁目,5.122871144456095,0.0,541.0,0.0,0.0,武蔵野市吉祥寺南町二丁目
13203002003,武蔵野市,吉祥寺南町三丁目,武蔵野市吉祥寺南町三丁目,5.640625421281558,0.0,6622.0,0.0,0.0,武蔵野市吉祥寺南町三丁目
13203003002,武蔵野市,御殿山二丁目,武蔵野市御殿山二丁目,3.99836239384193,0.0,574.0,0.0,0.0,武蔵野市御殿山二丁目
13203009001,武蔵野市,八幡町一丁目,武蔵野市八幡町一丁目,2.214402050957599,0.0,254.0,0.0,0.0,武蔵野市八幡町一丁目
13203004001,武蔵野市,吉祥寺本町一丁目,武蔵野市吉祥寺本町一丁目,4.749258277985764,0.0,169.0,0.0,0.0,武蔵野市吉祥寺本町一丁目
13203004002,武蔵野市,吉祥寺本町二丁目,武蔵野市吉祥寺本町二丁目,4.334277994839111,0.0,432.0,0.0,0.0,武蔵野市吉祥寺本町二丁目
13203004003,武蔵野市,吉祥寺本町三丁目,武蔵野市吉祥寺本町三丁目,3.995210333534901,0.0,333.0,0.0,0.0,武蔵野市吉祥寺本町三丁目
13203005002,武蔵野市,吉祥寺北町二丁目,武蔵野市吉祥寺北町二丁目,4.072141992683526,0.0,878.0,0.0,0.0,武蔵野市吉祥寺北町二丁目
13203005005,武蔵野市,吉祥寺北町五丁目,武蔵野市吉祥寺北町五丁目,3.0740908107671396,0.0,349.0,0.0,0.0,武蔵野市吉祥寺北町五丁目
13203006001,武蔵野市,中町一丁目,武蔵野市中町一丁目,3.571359758004492,0.0,265.0,0.0,0.0,武蔵野市中町一丁目
13203006002,武蔵野市,中町二丁目,武蔵野市中町二丁目,3.465408585542308,0.0,556.0,0.0,0.0,武蔵野市中町二丁目
13203008001,武蔵野市,緑町一丁目,武蔵野市緑町一丁目,2.630404826264548,0.0,258.0,0.0,0.0,武蔵野市緑町一丁目
13120026002,練馬区,土支田二丁目,練馬区土支田二丁目,7.627625281637172,0.0,416.0,0.0,0.0,練馬区土支田二丁目
13120024007,練馬区,光が丘七丁目,練馬区光が丘七丁目,8.232955337460101,0.0,1836.0,0.0,0.0,練馬区光が丘七丁目
13204003003,三鷹市,井の頭三丁目,三鷹市井の頭三丁目,5.457293218566048,0.0,452.0,0.0,0.0,三鷹市井の頭三丁目
13120024003,練馬区,光が丘三丁目,練馬区光が丘三丁目,8.665021971753438,0.0,2713.0,0.0,0.0,練馬区光が丘三丁目
13115015003,杉並区,天沼三丁目,杉並区天沼三丁目,7.74017288318742,0.0,161.0,0.0,0.0,杉並区天沼三丁目
13115016001,杉並区,本天沼一丁目,杉並区本天沼一丁目,8.534610191781406,0.0,342.0,0.0,0.0,杉並区本天沼一丁目
13115016002,杉並区,本天沼二丁目,杉並区本天沼二丁目,8.077589216929324,0.0,1191.0,0.0,0.0,杉並区本天沼二丁目
13115017002,杉並区,成田西二丁目,杉並区成田西二丁目,9.159094037898724,0.0,154.0,0.0,0.0,杉並区成田西二丁目
13115017003,杉並区,成田西三丁目,杉並区成田西三丁目,9.15895786371988,0.0,474.0,0.0,0.0,杉並区成田西三丁目
13115017004,杉並区,成田西四丁目,杉並区成田西四丁目,9.061837498102818,0.0,240.0,0.0,0.0,杉並区成田西四丁目
13115018003,杉並区,成田東三丁目,杉並区成田東三丁目,9.751819959528104,0.0,527.0,0.0,0.0,杉並区成田東三丁目
13115018004,杉並区,成田東四丁目,杉並区成田東四丁目,9.494645119545885,0.0,432.0,0.0,0.0,杉並区成田東四丁目
13115018005,杉並区,成田東五丁目,杉並区成田東五丁目,8.966087659391459,0.0,765.0,0.0,0.0,杉並区成田東五丁目
13115019001,杉並区,荻窪一丁目,杉並区荻窪一丁目,8.55811528838183,0.0,2123.0,0.0,0.0,杉並区荻窪一丁目
13115019002,杉並区,荻窪二丁目,杉並区荻窪二丁目,8.229525725893525,0.0,462.0,0.0,0.0,杉並区荻窪二丁目
13115019004,杉並区,荻窪四丁目,杉並区荻窪四丁目,8.121211018098618,0.0,1545.0,0.0,0.0,杉並区荻窪四丁目
13115020002,杉並区,南荻窪二丁目,杉並区南荻窪二丁目,7.284589375066106,0.0,1771.0,0.0,0.0,杉並区南荻窪二丁目
13115020003,杉並区,南荻窪三丁目,杉並区南荻窪三丁目,7.162224851136934,0.0,970.0,0.0,0.0,杉並区南荻窪三丁目
13115021001,杉並区,上荻一丁目,杉並区上荻一丁目,7.664585436608848,0.0,69.0,0.0,0.0,杉並区上荻一丁目
13115021002,杉並区,上荻二丁目,杉並区上荻二丁目,7.167680159964777,0.0,1643.0,0.0,0.0,杉並区上荻二丁目
13115021003,杉並区,上荻三丁目,杉並区上荻三丁目,6.776786123154661,0.0,730.0,0.0,0.0,杉並区上荻三丁目
13115022001,杉並区,西荻南一丁目,杉並区西荻南一丁目,6.768224262968884,0.0,524.0,0.0,0.0,杉並区西荻南一丁目
13115022002,杉並区,西荻南二丁目,杉並区西荻南二丁目,6.448406289970529,0.0,1601.0,0.0,0.0,杉並区西荻南二丁目
13115015002,杉並区,天沼二丁目,杉並区天沼二丁目,8.12333877841014,0.0,557.0,0.0,0.0,杉並区天沼二丁目
13115015001,杉並区,天沼一丁目,杉並区天沼一丁目,8.433153035265821,0.0,426.0,0.0,0.0,杉並区天沼一丁目
13115014006,杉並区,阿佐谷北六丁目,杉並区阿佐谷北六丁目,9.16503374684152,0.0,273.0,0.0,0.0,杉並区阿佐谷北六丁目
13114019002,中野区,上鷺宮二丁目,中野区上鷺宮二丁目,8.534013590226797,0.0,290.0,0.0,0.0,中野区上鷺宮二丁目
13112061005,世田谷区,北烏山五丁目,世田谷区北烏山五丁目,7.541942917205204,0.0,273.0,0.0,0.0,世田谷区北烏山五丁目
13112061007,世田谷区,北烏山七丁目,世田谷区北烏山七丁目,7.336425539627327,0.0,216.0,0.0,0.0,世田谷区北烏山七丁目
13112061008,世田谷区,北烏山八丁目,世田谷区北烏山八丁目,7.47433595539637,0.0,312.0,0.0,0.0,世田谷区北烏山八丁目
13114017002,中野区,白鷺二丁目,中野区白鷺二丁目,8.70167329882643,0.0,395.0,0.0,0.0,中野区白鷺二丁目
13114017003,中野区,白鷺三丁目,中野区白鷺三丁目,8.436748136352696,0.0,479.0,0.0,0.0,中野区白鷺三丁目
13114018003,中野区,鷺宮三丁目,中野区鷺宮三丁目,9.236415438565762,0.0,550.0,0.0,0.0,中野区鷺宮三丁目
13114018004,中野区,鷺宮四丁目,中野区鷺宮四丁目,8.743832431276097,0.0,517.0,0.0,0.0,中野区鷺宮四丁目
13114019001,中野区,上鷺宮一丁目,中野区上鷺宮一丁目,8.836234927351388,0.0,191.0,0.0,0.0,中野区上鷺宮一丁目
13114019004,中野区,上鷺宮四丁目,中野区上鷺宮四丁目,8.16901999760311,0.0,736.0,0.0,0.0,中野区上鷺宮四丁目
13114019005,中野区,上鷺宮五丁目,中野区上鷺宮五丁目,8.014416481550189,0.0,1060.0,0.0,0.0,中野区上鷺宮五丁目
13115010002,杉並区,梅里二丁目,杉並区梅里二丁目,10.142457839766708,0.0,63.0,0.0,0.0,杉並区梅里二丁目
13115013001,杉並区,阿佐谷南一丁目,杉並区阿佐谷南一丁目,9.673464047415557,0.0,538.0,0.0,0.0,杉並区阿佐谷南一丁目
13115013002,杉並区,阿佐谷南二丁目,杉並区阿佐谷南二丁目,9.688370067470032,0.0,426.0,0.0,0.0,杉並区阿佐谷南二丁目
13115013003,杉並区,阿佐谷南三丁目,杉並区阿佐谷南三丁目,8.955801589379853,0.0,528.0,0.0,0.0,杉並区阿佐谷南三丁目
13115014002,杉並区,阿佐谷北二丁目,杉並区阿佐谷北二丁目,8.896071176197994,0.0,181.0,0.0,0.0,杉並区阿佐谷北二丁目
13115014004,杉並区,阿佐谷北四丁目,杉並区阿佐谷北四丁目,9.019901352451376,0.0,1617.0,0.0,0.0,杉並区阿佐谷北四丁目
13115023001,杉並区,西荻北一丁目,杉並区西荻北一丁目,6.753804038233752,0.0,1493.0,0.0,0.0,杉並区西荻北一丁目
13115023002,杉並区,西荻北二丁目,杉並区西荻北二丁目,6.407472634559481,0.0,1188.0,0.0,0.0,杉並区西荻北二丁目
13115023005,杉並区,西荻北五丁目,杉並区西荻北五丁目,5.977749740994891,0.0,1370.0,0.0,0.0,杉並区西荻北五丁目
13115034004,杉並区,高井戸東四丁目,杉並区高井戸東四丁目,8.632460422431691,0.0,1030.0,0.0,0.0,杉並区高井戸東四丁目
13115032001,杉並区,宮前一丁目,杉並区宮前一丁目,7.928257241980996,0.0,73.0,0.0,0.0,杉並区宮前一丁目
13115032002,杉並区,宮前二丁目,杉並区宮前二丁目,7.889757878383943,0.0,3026.0,0.0,0.0,杉並区宮前二丁目
13115032004,杉並区,宮前四丁目,杉並区宮前四丁目,7.379598199762478,0.0,846.0,0.0,0.0,杉並区宮前四丁目
13115033001,杉並区,久我山一丁目,杉並区久我山一丁目,7.373567893181455,0.0,194.0,0.0,0.0,杉並区久我山一丁目
13115033002,杉並区,久我山二丁目,杉並区久我山二丁目,7.721955911159674,0.0,287.0,0.0,0.0,杉並区久我山二丁目
13115033003,杉並区,久我山三丁目,杉並区久我山三丁目,6.968317820625732,0.0,1177.0,0.0,0.0,杉並区久我山三丁目
13115033005,杉並区,久我山五丁目,杉並区久我山五丁目,7.518465510136505,0.0,457.0,0.0,0.0,杉並区久我山五丁目
13115034002,杉並区,高井戸東二丁目,杉並区高井戸東二丁目,8.956175713672923,0.0,645.0,0.0,0.0,杉並区高井戸東二丁目
13115035001,杉並区,高井戸西一丁目,杉並区高井戸西一丁目,8.458615943398168,0.0,1173.0,0.0,0.0,杉並区高井戸西一丁目
13115031001,杉並区,松庵一丁目,杉並区松庵一丁目,6.273793856618338,0.0,1661.0,0.0,0.0,杉並区松庵一丁目
13120011004,練馬区,中村北四丁目,練馬区中村北四丁目,8.822227895321456,0.0,897.0,0.0,0.0,練馬区中村北四丁目
13120015001,練馬区,貫井一丁目,練馬区貫井一丁目,8.641826423673674,0.0,694.0,0.0,0.0,練馬区貫井一丁目
13120015002,練馬区,貫井二丁目,練馬区貫井二丁目,8.75713147810707,0.0,1864.0,0.0,0.0,練馬区貫井二丁目
13120021002,練馬区,高松二丁目,練馬区高松二丁目,8.558549764972028,0.0,1101.0,0.0,0.0,練馬区高松二丁目
13120021004,練馬区,高松四丁目,練馬区高松四丁目,8.414851009798685,0.0,1281.0,0.0,0.0,練馬区高松四丁目
13120021005,練馬区,高松五丁目,練馬区高松五丁目,8.11796453232543,0.0,934.0,0.0,0.0,練馬区高松五丁目
13120021006,練馬区,高松六丁目,練馬区高松六丁目,7.8122661362357135,0.0,827.0,0.0,0.0,練馬区高松六丁目
13115031002,杉並区,松庵二丁目,杉並区松庵二丁目,6.162241125327624,0.0,301.0,0.0,0.0,杉並区松庵二丁目
13115030004,杉並区,善福寺四丁目,杉並区善福寺四丁目,4.670732180423848,0.0,825.0,0.0,0.0,杉並区善福寺四丁目
13115024001,杉並区,今川一丁目,杉並区今川一丁目,6.810256510724033,0.0,1884.0,0.0,0.0,杉並区今川一丁目
13115026003,杉並区,桃井三丁目,杉並区桃井三丁目,6.3770453240734355,0.0,3179.0,0.0,0.0,杉並区桃井三丁目
13115024002,杉並区,今川二丁目,杉並区今川二丁目,6.4787156349045105,0.0,1257.0,0.0,0.0,杉並区今川二丁目
13115024003,杉並区,今川三丁目,杉並区今川三丁目,6.127092909423298,0.0,3663.0,0.0,0.0,杉並区今川三丁目
13115024004,杉並区,今川四丁目,杉並区今川四丁目,5.728444893678966,0.0,365.0,0.0,0.0,杉並区今川四丁目
13115025001,杉並区,清水一丁目,杉並区清水一丁目,7.388403742006612,0.0,1317.0,0.0,0.0,杉並区清水一丁目
13115025002,杉並区,清水二丁目,杉並区清水二丁目,7.316317038741704,0.0,575.0,0.0,0.0,杉並区清水二丁目
13115025003,杉並区,清水三丁目,杉並区清水三丁目,7.2516749038426624,0.0,825.0,0.0,0.0,杉並区清水三丁目
13115026001,杉並区,桃井一丁目,杉並区桃井一丁目,6.990891912021241,0.0,1585.0,0.0,0.0,杉並区桃井一丁目
13115026002,杉並区,桃井二丁目,杉並区桃井二丁目,6.679159669992729,0.0,1452.0,0.0,0.0,杉並区桃井二丁目
13115026004,杉並区,桃井四丁目,杉並区桃井四丁目,6.011728481375214,0.0,803.0,0.0,0.0,杉並区桃井四丁目
13115030002,杉並区,善福寺二丁目,杉並区善福寺二丁目,5.157870494748993,0.0,688.0,0.0,0.0,杉並区善福寺二丁目
13115027001,杉並区,井草一丁目,杉並区井草一丁目,7.680768010074525,0.0,852.0,0.0,0.0,杉並区井草一丁目
13115027002,杉並区,井草二丁目,杉並区井草二丁目,7.283807619109211,0.0,2840.0,0.0,0.0,杉並区井草二丁目
13115027004,杉並区,井草四丁目,杉並区井草四丁目,6.576838189881098,0.0,198.0,0.0,0.0,杉並区井草四丁目
13115028001,杉並区,下井草一丁目,杉並区下井草一丁目,8.546043242580518,0.0,336.0,0.0,0.0,杉並区下井草一丁目
13115028002,杉並区,下井草二丁目,杉並区下井草二丁目,8.1080409318997,0.0,498.0,0.0,0.0,杉並区下井草二丁目
13115028004,杉並区,下井草四丁目,杉並区下井草四丁目,7.335349539932845,0.0,1505.0,0.0,0.0,杉並区下井草四丁目
13115029001,杉並区,上井草一丁目,杉並区上井草一丁目,6.691279486769314,0.0,1340.0,0.0,0.0,杉並区上井草一丁目
13115029004,杉並区,上井草四丁目,杉並区上井草四丁目,5.387499789813229,0.0,682.0,0.0,0.0,杉並区上井草四丁目
13204003002,三鷹市,井の頭二丁目,三鷹市井の頭二丁目,5.873432099884808,0.0,428.0,0.0,0.0,三鷹市井の頭二丁目
13204004001,三鷹市,中原一丁目,三鷹市中原一丁目,8.089562736818497,0.0,507.0,0.0,0.0,三鷹市中原一丁目
13213003005,東村山市,秋津町五丁目,東村山市秋津町五丁目,6.753500313450514,0.0,2963.0,0.0,0.0,東村山市秋津町五丁目
13208025006,調布市,深大寺東町六丁目,調布市深大寺東町六丁目,6.303436806771712,0.0,312.0,0.0,0.0,調布市深大寺東町六丁目
13208025007,調布市,深大寺東町七丁目,調布市深大寺東町七丁目,6.033418867539795,0.0,793.0,0.0,0.0,調布市深大寺東町七丁目
13208025008,調布市,深大寺東町八丁目,調布市深大寺東町八丁目,5.720904558481457,0.0,347.0,0.0,0.0,調布市深大寺東町八丁目
13208026001,調布市,深大寺南町一丁目,調布市深大寺南町一丁目,7.657926955114675,0.0,74.0,0.0,0.0,調布市深大寺南町一丁目
13208026002,調布市,深大寺南町二丁目,調布市深大寺南町二丁目,7.698094095527925,0.0,1011.0,0.0,0.0,調布市深大寺南町二丁目
13208026003,調布市,深大寺南町三丁目,調布市深大寺南町三丁目,7.529037119648739,0.0,83.0,0.0,0.0,調布市深大寺南町三丁目
13208026004,調布市,深大寺南町四丁目,調布市深大寺南町四丁目,7.343965292451391,0.0,90.0,0.0,0.0,調布市深大寺南町四丁目
13208026005,調布市,深大寺南町五丁目,調布市深大寺南町五丁目,7.130543775449556,0.0,478.0,0.0,0.0,調布市深大寺南町五丁目
13208027001,調布市,八雲台一丁目,調布市八雲台一丁目,8.486087497404087,0.0,587.0,0.0,0.0,調布市八雲台一丁目
13210001001,小金井市,東町一丁目,小金井市東町一丁目,4.440009948036661,0.0,607.0,0.0,0.0,小金井市東町一丁目
13210001003,小金井市,東町三丁目,小金井市東町三丁目,3.431629425598964,0.0,220.0,0.0,0.0,小金井市東町三丁目
13210001005,小金井市,東町五丁目,小金井市東町五丁目,4.497600397167841,0.0,310.0,0.0,0.0,小金井市東町五丁目
13210002003,小金井市,梶野町三丁目,小金井市梶野町三丁目,2.4880866350361552,0.0,532.0,0.0,0.0,小金井市梶野町三丁目
13210002005,小金井市,梶野町五丁目,小金井市梶野町五丁目,3.212567827945244,0.0,372.0,0.0,0.0,小金井市梶野町五丁目
13210003001,小金井市,関野町一丁目,小金井市関野町一丁目,2.2116727654380073,0.0,189.0,0.0,0.0,小金井市関野町一丁目
13210003002,小金井市,関野町二丁目,小金井市関野町二丁目,2.653951731893333,0.0,234.0,0.0,0.0,小金井市関野町二丁目
13210004002,小金井市,緑町二丁目,小金井市緑町二丁目,2.9446393526451873,0.0,438.0,0.0,0.0,小金井市緑町二丁目
13210004003,小金井市,緑町三丁目,小金井市緑町三丁目,2.988424429369461,0.0,874.0,0.0,0.0,小金井市緑町三丁目
13210004004,小金井市,緑町四丁目,小金井市緑町四丁目,3.2811070561878495,0.0,288.0,0.0,0.0,小金井市緑町四丁目
13208025005,調布市,深大寺東町五丁目,調布市深大寺東町五丁目,6.438050473867451,0.0,222.0,0.0,0.0,調布市深大寺東町五丁目
13208025004,調布市,深大寺東町四丁目,調布市深大寺東町四丁目,6.7730319464175635,0.0,347.0,0.0,0.0,調布市深大寺東町四丁目
13208025003,調布市,深大寺東町三丁目,調布市深大寺東町三丁目,7.255000833256381,0.0,258.0,0.0,0.0,調布市深大寺東町三丁目
13208023003,調布市,深大寺元町三丁目,調布市深大寺元町三丁目,7.128564917276346,0.0,747.0,0.0,0.0,調布市深大寺元町三丁目
132080200,調布市,西町,調布市西町,6.924674186706757,0.0,45.0,0.0,0.0,調布市西町
13208022001,調布市,調布ケ丘一丁目,調布市調布ケ丘一丁目,8.097429600867407,0.0,752.0,0.0,0.0,調布市調布ケ丘一丁目
13208022002,調布市,調布ケ丘二丁目,調布市調布ケ丘二丁目,8.354382136586676,0.0,319.0,0.0,0.0,調布市調布ケ丘二丁目
13208022003,調布市,調布ケ丘三丁目,調布市調布ケ丘三丁目,7.919275967277446,0.0,3315.0,0.0,0.0,調布市調布ケ丘三丁目
13208022004,調布市,調布ケ丘四丁目,調布市調布ケ丘四丁目,7.620802596342487,0.0,610.0,0.0,0.0,調布市調布ケ丘四丁目
13208023001,調布市,深大寺元町一丁目,調布市深大寺元町一丁目,7.3781103679022,0.0,600.0,0.0,0.0,調布市深大寺元町一丁目
13208023002,調布市,深大寺元町二丁目,調布市深大寺元町二丁目,7.342882123249569,0.0,298.0,0.0,0.0,調布市深大寺元町二丁目
13208025002,調布市,深大寺東町二丁目,調布市深大寺東町二丁目,7.162358321597684,0.0,408.0,0.0,0.0,調布市深大寺東町二丁目
13208024001,調布市,深大寺北町一丁目,調布市深大寺北町一丁目,6.224004041849379,0.0,409.0,0.0,0.0,調布市深大寺北町一丁目
13208024002,調布市,深大寺北町二丁目,調布市深大寺北町二丁目,6.414024762514767,0.0,167.0,0.0,0.0,調布市深大寺北町二丁目
13208024003,調布市,深大寺北町三丁目,調布市深大寺北町三丁目,5.994605840022732,0.0,118.0,0.0,0.0,調布市深大寺北町三丁目
13208024004,調布市,深大寺北町四丁目,調布市深大寺北町四丁目,5.74555842990874,0.0,67.0,0.0,0.0,調布市深大寺北町四丁目
13208024005,調布市,深大寺北町五丁目,調布市深大寺北町五丁目,5.742911465082139,0.0,196.0,0.0,0.0,調布市深大寺北町五丁目
13208024006,調布市,深大寺北町六丁目,調布市深大寺北町六丁目,5.66415692557951,0.0,1038.0,0.0,0.0,調布市深大寺北町六丁目
13208024007,調布市,深大寺北町七丁目,調布市深大寺北町七丁目,6.131030370441152,0.0,675.0,0.0,0.0,調布市深大寺北町七丁目
13208025001,調布市,深大寺東町一丁目,調布市深大寺東町一丁目,6.83897584747763,0.0,324.0,0.0,0.0,調布市深大寺東町一丁目
13210005001,小金井市,中町一丁目,小金井市中町一丁目,4.53379548411862,0.0,689.0,0.0,0.0,小金井市中町一丁目
13210005002,小金井市,中町二丁目,小金井市中町二丁目,3.991894429079941,0.0,369.0,0.0,0.0,小金井市中町二丁目
13210006004,小金井市,前原町四丁目,小金井市前原町四丁目,5.4741951127368615,0.0,541.0,0.0,0.0,小金井市前原町四丁目
13211015201,小平市,学園東町一丁目,小平市学園東町一丁目,5.289891876789142,0.0,1467.0,0.0,0.0,小平市学園東町一丁目
13211009006,小平市,上水本町六丁目,小平市上水本町六丁目,6.121040418869501,0.0,1340.0,0.0,0.0,小平市上水本町六丁目
13211010002,小平市,上水南町二丁目,小平市上水南町二丁目,5.159568073816203,0.0,996.0,0.0,0.0,小平市上水南町二丁目
13211010003,小平市,上水南町三丁目,小平市上水南町三丁目,4.649977782730293,0.0,538.0,0.0,0.0,小平市上水南町三丁目
13211010004,小平市,上水南町四丁目,小平市上水南町四丁目,4.8897853088199055,0.0,241.0,0.0,0.0,小平市上水南町四丁目
13211011001,小平市,喜平町一丁目,小平市喜平町一丁目,4.932327587872166,0.0,1260.0,0.0,0.0,小平市喜平町一丁目
13211012001,小平市,津田町一丁目,小平市津田町一丁目,6.854048767517999,0.0,335.0,0.0,0.0,小平市津田町一丁目
13211012002,小平市,津田町二丁目,小平市津田町二丁目,6.5367899420670845,0.0,961.0,0.0,0.0,小平市津田町二丁目
13211013002,小平市,学園西町二丁目,小平市学園西町二丁目,5.775920582083997,0.0,1612.0,0.0,0.0,小平市学園西町二丁目
13211021003,小平市,天神町三丁目,小平市天神町三丁目,3.61989121821066,0.0,107.0,0.0,0.0,小平市天神町三丁目
13211009003,小平市,上水本町三丁目,小平市上水本町三丁目,6.383592786681865,0.0,291.0,0.0,0.0,小平市上水本町三丁目
13211021004,小平市,天神町四丁目,小平市天神町四丁目,3.633167523223798,0.0,968.0,0.0,0.0,小平市天神町四丁目
13211022003,小平市,大沼町三丁目,小平市大沼町三丁目,3.769219102806941,0.0,96.0,0.0,0.0,小平市大沼町三丁目
13213001001,東村山市,本町一丁目,東村山市本町一丁目,7.026173264027655,0.0,592.0,0.0,0.0,東村山市本町一丁目
13213001003,東村山市,本町三丁目,東村山市本町三丁目,6.814406513320618,0.0,1025.0,0.0,0.0,東村山市本町三丁目
13213002005,東村山市,久米川町五丁目,東村山市久米川町五丁目,7.537727317727208,0.0,1041.0,0.0,0.0,東村山市久米川町五丁目
13213003001,東村山市,秋津町一丁目,東村山市秋津町一丁目,6.291439215626183,0.0,2222.0,0.0,0.0,東村山市秋津町一丁目
13213003004,東村山市,秋津町四丁目,東村山市秋津町四丁目,7.182587715242827,0.0,4367.0,0.0,0.0,東村山市秋津町四丁目
13211009004,小平市,上水本町四丁目,小平市上水本町四丁目,5.822485523683421,0.0,1776.0,0.0,0.0,小平市上水本町四丁目
13211009002,小平市,上水本町二丁目,小平市上水本町二丁目,6.516788479936272,0.0,475.0,0.0,0.0,小平市上水本町二丁目
13210007003,小金井市,本町三丁目,小金井市本町三丁目,3.6177283592624296,0.0,657.0,0.0,0.0,小金井市本町三丁目
13210010004,小金井市,貫井南町四丁目,小金井市貫井南町四丁目,5.55857829963434,0.0,274.0,0.0,0.0,小金井市貫井南町四丁目
13210007004,小金井市,本町四丁目,小金井市本町四丁目,3.9764811255378674,0.0,331.0,0.0,0.0,小金井市本町四丁目
13210007005,小金井市,本町五丁目,小金井市本町五丁目,4.3253978906097865,0.0,397.0,0.0,0.0,小金井市本町五丁目
13210007006,小金井市,本町六丁目,小金井市本町六丁目,4.605349996373201,0.0,331.0,0.0,0.0,小金井市本町六丁目
13210008001,小金井市,桜町一丁目,小金井市桜町一丁目,3.294078374293011,0.0,375.0,0.0,0.0,小金井市桜町一丁目
13210009002,小金井市,貫井北町二丁目,小金井市貫井北町二丁目,4.564839906478165,0.0,84.0,0.0,0.0,小金井市貫井北町二丁目
13210010003,小金井市,貫井南町三丁目,小金井市貫井南町三丁目,5.165519938864992,0.0,312.0,0.0,0.0,小金井市貫井南町三丁目
13210010005,小金井市,貫井南町五丁目,小金井市貫井南町五丁目,5.9971057114067605,0.0,135.0,0.0,0.0,小金井市貫井南町五丁目
13211009001,小平市,上水本町一丁目,小平市上水本町一丁目,6.966916923521052,0.0,375.0,0.0,0.0,小平市上水本町一丁目
132110030,小平市,たかの台,小平市たかの台,7.405706039749001,0.0,702.0,0.0,0.0,小平市たかの台
13211005002,小平市,栄町二丁目,小平市栄町二丁目,8.137645675709182,0.0,402.0,0.0,0.0,小平市栄町二丁目
13211006001,小平市,小川西町一丁目,小平市小川西町一丁目,7.671665103335632,0.0,903.0,0.0,0.0,小平市小川西町一丁目
13211006002,小平市,小川西町二丁目,小平市小川西町二丁目,7.282329715889848,0.0,1094.0,0.0,0.0,小平市小川西町二丁目
13211006003,小平市,小川西町三丁目,小平市小川西町三丁目,7.002667519286659,0.0,981.0,0.0,0.0,小平市小川西町三丁目
13211006004,小平市,小川西町四丁目,小平市小川西町四丁目,6.950599384358047,0.0,243.0,0.0,0.0,小平市小川西町四丁目
13211008202,小平市,小川東町二丁目,小平市小川東町二丁目,6.633440828365757,0.0,4898.0,0.0,0.0,小平市小川東町二丁目
13211008205,小平市,小川東町五丁目,小平市小川東町五丁目,6.137259099371937,0.0,1336.0,0.0,0.0,小平市小川東町五丁目
13208018001,調布市,緑ケ丘一丁目,調布市緑ケ丘一丁目,7.711044082405642,0.0,131.0,0.0,0.0,調布市緑ケ丘一丁目
13204004002,三鷹市,中原二丁目,三鷹市中原二丁目,7.610309819911344,0.0,329.0,0.0,0.0,三鷹市中原二丁目
13208015002,調布市,西つつじケ丘二丁目,調布市西つつじケ丘二丁目,8.163085072587034,0.0,299.0,0.0,0.0,調布市西つつじケ丘二丁目
13204010004,三鷹市,野崎四丁目,三鷹市野崎四丁目,5.51029691372912,0.0,498.0,0.0,0.0,三鷹市野崎四丁目
13204011001,三鷹市,大沢一丁目,三鷹市大沢一丁目,6.12858902150067,0.0,907.0,0.0,0.0,三鷹市大沢一丁目
13204011002,三鷹市,大沢二丁目,三鷹市大沢二丁目,5.824440526206654,0.0,475.0,0.0,0.0,三鷹市大沢二丁目
13204011004,三鷹市,大沢四丁目,三鷹市大沢四丁目,6.945026257411081,0.0,1074.0,0.0,0.0,三鷹市大沢四丁目
13204011005,三鷹市,大沢五丁目,三鷹市大沢五丁目,6.542778207254889,0.0,383.0,0.0,0.0,三鷹市大沢五丁目
13206001002,府中市,多磨町二丁目,府中市多磨町二丁目,5.347261407603891,0.0,488.0,0.0,0.0,府中市多磨町二丁目
13206002002,府中市,朝日町二丁目,府中市朝日町二丁目,6.378092699368044,0.0,352.0,0.0,0.0,府中市朝日町二丁目
13206003001,府中市,紅葉丘一丁目,府中市紅葉丘一丁目,6.69062569112295,0.0,386.0,0.0,0.0,府中市紅葉丘一丁目
13206003002,府中市,紅葉丘二丁目,府中市紅葉丘二丁目,6.180085165746014,0.0,454.0,0.0,0.0,府中市紅葉丘二丁目
13206003003,府中市,紅葉丘三丁目,府中市紅葉丘三丁目,6.617833609710894,0.0,276.0,0.0,0.0,府中市紅葉丘三丁目
13206004002,府中市,白糸台二丁目,府中市白糸台二丁目,7.291429730404721,0.0,184.0,0.0,0.0,府中市白糸台二丁目
13206005002,府中市,押立町二丁目,府中市押立町二丁目,8.196283681531888,0.0,294.0,0.0,0.0,府中市押立町二丁目
13206007002,府中市,若松町二丁目,府中市若松町二丁目,7.359564017320952,0.0,372.0,0.0,0.0,府中市若松町二丁目
13206007003,府中市,若松町三丁目,府中市若松町三丁目,6.996837440857016,0.0,848.0,0.0,0.0,府中市若松町三丁目
13206007004,府中市,若松町四丁目,府中市若松町四丁目,6.748026654783762,0.0,107.0,0.0,0.0,府中市若松町四丁目
13204010003,三鷹市,野崎三丁目,三鷹市野崎三丁目,5.044925339437337,0.0,138.0,0.0,0.0,三鷹市野崎三丁目
13204010002,三鷹市,野崎二丁目,三鷹市野崎二丁目,5.135996439589486,0.0,565.0,0.0,0.0,三鷹市野崎二丁目
13204009003,三鷹市,深大寺三丁目,三鷹市深大寺三丁目,4.328359425985578,0.0,614.0,0.0,0.0,三鷹市深大寺三丁目
13204006004,三鷹市,新川四丁目,三鷹市新川四丁目,7.1006499517784665,0.0,445.0,0.0,0.0,三鷹市新川四丁目
13204004003,三鷹市,中原三丁目,三鷹市中原三丁目,6.912834231582633,0.0,210.0,0.0,0.0,三鷹市中原三丁目
13204005001,三鷹市,北野一丁目,三鷹市北野一丁目,7.202474784058606,0.0,249.0,0.0,0.0,三鷹市北野一丁目
13204005002,三鷹市,北野二丁目,三鷹市北野二丁目,6.689853946044406,0.0,224.0,0.0,0.0,三鷹市北野二丁目
13204005003,三鷹市,北野三丁目,三鷹市北野三丁目,6.944194772511173,0.0,227.0,0.0,0.0,三鷹市北野三丁目
13204005004,三鷹市,北野四丁目,三鷹市北野四丁目,7.399879785366287,0.0,632.0,0.0,0.0,三鷹市北野四丁目
13204006001,三鷹市,新川一丁目,三鷹市新川一丁目,7.5511948550336125,0.0,219.0,0.0,0.0,三鷹市新川一丁目
13204006002,三鷹市,新川二丁目,三鷹市新川二丁目,6.647024238189321,0.0,201.0,0.0,0.0,三鷹市新川二丁目
13204006003,三鷹市,新川三丁目,三鷹市新川三丁目,6.332412304224202,0.0,236.0,0.0,0.0,三鷹市新川三丁目
13204006005,三鷹市,新川五丁目,三鷹市新川五丁目,6.693355293988201,0.0,274.0,0.0,0.0,三鷹市新川五丁目
13204009001,三鷹市,深大寺一丁目,三鷹市深大寺一丁目,4.210362463178114,0.0,967.0,0.0,0.0,三鷹市深大寺一丁目
13204006006,三鷹市,新川六丁目,三鷹市新川六丁目,6.062258610665851,0.0,1803.0,0.0,0.0,三鷹市新川六丁目
13204007001,三鷹市,上連雀一丁目,三鷹市上連雀一丁目,3.143557103002872,0.0,782.0,0.0,0.0,三鷹市上連雀一丁目
13204007002,三鷹市,上連雀二丁目,三鷹市上連雀二丁目,3.641210012375255,0.0,218.0,0.0,0.0,三鷹市上連雀二丁目
13204007003,三鷹市,上連雀三丁目,三鷹市上連雀三丁目,3.4534361419986546,0.0,639.0,0.0,0.0,三鷹市上連雀三丁目
13204008001,三鷹市,井口一丁目,三鷹市井口一丁目,4.226523109798183,0.0,1442.0,0.0,0.0,三鷹市井口一丁目
13204008003,三鷹市,井口三丁目,三鷹市井口三丁目,4.007402424915702,0.0,62.0,0.0,0.0,三鷹市井口三丁目
13204008004,三鷹市,井口四丁目,三鷹市井口四丁目,4.127168505259161,0.0,1097.0,0.0,0.0,三鷹市井口四丁目
13204008005,三鷹市,井口五丁目,三鷹市井口五丁目,3.662957173560457,0.0,520.0,0.0,0.0,三鷹市井口五丁目
13206008003,府中市,浅間町三丁目,府中市浅間町三丁目,6.019541939058364,0.0,119.0,0.0,0.0,府中市浅間町三丁目
13206008004,府中市,浅間町四丁目,府中市浅間町四丁目,6.463821495486557,0.0,113.0,0.0,0.0,府中市浅間町四丁目
13208008001,調布市,国領町一丁目,調布市国領町一丁目,8.831290723197498,0.0,1317.0,0.0,0.0,調布市国領町一丁目
13208004001,調布市,下石原一丁目,調布市下石原一丁目,8.156098808103495,0.0,1480.0,0.0,0.0,調布市下石原一丁目
13208004002,調布市,下石原二丁目,調布市下石原二丁目,8.462632719247818,0.0,2100.0,0.0,0.0,調布市下石原二丁目
13208005001,調布市,小島町一丁目,調布市小島町一丁目,8.38192470896588,0.0,1909.0,0.0,0.0,調布市小島町一丁目
13208005003,調布市,小島町三丁目,調布市小島町三丁目,9.117280601180092,0.0,5497.0,0.0,0.0,調布市小島町三丁目
13208006001,調布市,布田一丁目,調布市布田一丁目,8.524216799210862,0.0,1778.0,0.0,0.0,調布市布田一丁目
13208006002,調布市,布田二丁目,調布市布田二丁目,8.674733745169343,0.0,1392.0,0.0,0.0,調布市布田二丁目
13208006003,調布市,布田三丁目,調布市布田三丁目,9.051925970901255,0.0,1766.0,0.0,0.0,調布市布田三丁目
13208006004,調布市,布田四丁目,調布市布田四丁目,8.88593775552614,0.0,2252.0,0.0,0.0,調布市布田四丁目
13208010001,調布市,多摩川一丁目,調布市多摩川一丁目,8.914601669930514,0.0,3735.0,0.0,0.0,調布市多摩川一丁目
13208003003,調布市,富士見町三丁目,調布市富士見町三丁目,7.47015934144794,0.0,1993.0,0.0,0.0,調布市富士見町三丁目
13208010003,調布市,多摩川三丁目,調布市多摩川三丁目,9.362461453354712,0.0,2926.0,0.0,0.0,調布市多摩川三丁目
13208010004,調布市,多摩川四丁目,調布市多摩川四丁目,9.539695689424482,0.0,905.0,0.0,0.0,調布市多摩川四丁目
13208011001,調布市,佐須町一丁目,調布市佐須町一丁目,7.668138292104361,0.0,547.0,0.0,0.0,調布市佐須町一丁目
13208011003,調布市,佐須町三丁目,調布市佐須町三丁目,8.198702204924562,0.0,366.0,0.0,0.0,調布市佐須町三丁目
13208011004,調布市,佐須町四丁目,調布市佐須町四丁目,8.177693502250543,0.0,833.0,0.0,0.0,調布市佐須町四丁目
13208011005,調布市,佐須町五丁目,調布市佐須町五丁目,7.838182051044139,0.0,146.0,0.0,0.0,調布市佐須町五丁目
13208012001,調布市,柴崎一丁目,調布市柴崎一丁目,8.370582793834142,0.0,947.0,0.0,0.0,調布市柴崎一丁目
13208012002,調布市,柴崎二丁目,調布市柴崎二丁目,7.858788486621806,0.0,293.0,0.0,0.0,調布市柴崎二丁目
13208003004,調布市,富士見町四丁目,調布市富士見町四丁目,7.17343145070122,0.0,1361.0,0.0,0.0,調布市富士見町四丁目
13208003002,調布市,富士見町二丁目,調布市富士見町二丁目,7.907163273934,0.0,2281.0,0.0,0.0,調布市富士見町二丁目
13206009003,府中市,天神町三丁目,府中市天神町三丁目,6.8596303407913854,0.0,40.0,0.0,0.0,府中市天神町三丁目
13206009004,府中市,天神町四丁目,府中市天神町四丁目,6.603044608308472,0.0,51.0,0.0,0.0,府中市天神町四丁目
13206010002,府中市,新町二丁目,府中市新町二丁目,6.293691338348148,0.0,249.0,0.0,0.0,府中市新町二丁目
13206010003,府中市,新町三丁目,府中市新町三丁目,6.237278806310747,0.0,41.0,0.0,0.0,府中市新町三丁目
13206011002,府中市,幸町二丁目,府中市幸町二丁目,7.448376774926998,0.0,100.0,0.0,0.0,府中市幸町二丁目
13206013002,府中市,緑町二丁目,府中市緑町二丁目,7.68445288381528,0.0,121.0,0.0,0.0,府中市緑町二丁目
13208003001,調布市,富士見町一丁目,調布市富士見町一丁目,7.707094045255533,0.0,1083.0,0.0,0.0,調布市富士見町一丁目
13206027001,府中市,栄町一丁目,府中市栄町一丁目,6.833857419491488,0.0,42.0,0.0,0.0,府中市栄町一丁目
13208001001,調布市,飛田給一丁目,調布市飛田給一丁目,7.672732357967877,0.0,1176.0,0.0,0.0,調布市飛田給一丁目
13208001002,調布市,飛田給二丁目,調布市飛田給二丁目,8.033356672121531,0.0,1411.0,0.0,0.0,調布市飛田給二丁目
13208001003,調布市,飛田給三丁目,調布市飛田給三丁目,8.372771962939712,0.0,1120.0,0.0,0.0,調布市飛田給三丁目
13208002001,調布市,上石原一丁目,調布市上石原一丁目,7.881095439186278,0.0,1669.0,0.0,0.0,調布市上石原一丁目
13208002002,調布市,上石原二丁目,調布市上石原二丁目,8.27903358754501,0.0,1168.0,0.0,0.0,調布市上石原二丁目
13208002003,調布市,上石原三丁目,調布市上石原三丁目,8.768177310128744,0.0,1783.0,0.0,0.0,調布市上石原三丁目
